Listing Name,Check-in Date,Check-out Date,Booked Date,Average Daily Rate,Rental Revenue,Total Revenue,Currency,Booking Source,Booking Status,Length of Stay (Days),Booking Window (Days),Reservation ID,Listing ID,Unit ID,PMS,BR Count,City,Sync Price,Año,Mes_num,Mes,tipo_estadia,prev_booked,days_since_last,flag_last_minute,flag_orphan,flag_recency,flag_discount,ADR_ideal,Revenue_ideal,Revenue_perdido,Temporada,tipo
Casa VIP Medellín 6 - Private Room + Bathroom,2022-11-18,2022-11-20,2022-10-10,42.0,84.0,84.0,USD,Airbnb,Booked,2,39,HMFSBNZDYF,04d23bd1-f965-4e4d-b06e-41d58980ff78,04d23bd1-f965-4e4d-b06e-41d58980ff78,Hospitable,1,Medellín,Off,2022,11,2022-11,Corta 1-3,,,False,False,False,False,42.0,84.0,0.0,Temporada baja,Corta (1-7n)
Casa VIP Medellín 6 - Private Room + Bathroom,2022-10-22,2022-11-18,2022-10-18,13.81,373.0,373.0,USD,Airbnb,Booked,27,4,HMAJTBSTZX,04d23bd1-f965-4e4d-b06e-41d58980ff78,04d23bd1-f965-4e4d-b06e-41d58980ff78,Hospitable,1,Medellín,Off,2022,10,2022-10,Mensual 15-30,2022-10-10,8.0,True,False,False,True,19.72857142857143,532.6714285714287,159.6714285714287,Temporada baja,Larga (15+n)
Casa VIP Medellín 6 - Private Room + Bathroom,2022-11-25,2022-11-30,2022-11-18,24.4,122.0,122.0,USD,Airbnb,Booked,5,7,HMPWTD3FWW,04d23bd1-f965-4e4d-b06e-41d58980ff78,04d23bd1-f965-4e4d-b06e-41d58980ff78,Hospitable,1,Medellín,Off,2022,11,2022-11,Media 4-7,2022-10-18,31.0,True,True,True,True,34.857142857142854,174.28571428571428,52.28571428571428,Temporada baja,Corta (1-7n)
Casa VIP Medellín 6 - Private Room + Bathroom,2022-12-07,2022-12-10,2022-11-28,25.67,77.0,77.0,USD,Airbnb,Booked,3,9,HMA94FF2AZ,04d23bd1-f965-4e4d-b06e-41d58980ff78,04d23bd1-f965-4e4d-b06e-41d58980ff78,Hospitable,1,Medellín,Off,2022,12,2022-12,Corta 1-3,2022-11-18,10.0,True,True,False,True,36.67142857142858,110.01428571428573,33.014285714285734,Navidad/Año Nuevo,Corta (1-7n)
Casa VIP Medellín 6 - Private Room + Bathroom,2022-12-12,2022-12-19,2022-12-10,22.14,155.0,155.0,USD,Airbnb,Booked,7,2,HMKQFWCC2S,04d23bd1-f965-4e4d-b06e-41d58980ff78,04d23bd1-f965-4e4d-b06e-41d58980ff78,Hospitable,1,Medellín,Off,2022,12,2022-12,Media 4-7,2022-11-28,12.0,True,True,False,True,31.62857142857143,221.4,66.4,Navidad/Año Nuevo,Corta (1-7n)
Casa VIP Medellín 6 - Private Room + Bathroom,2023-05-21,2023-07-02,2023-04-12,15.07,633.0,633.0,USD,Airbnb,Booked,42,39,HMPKKJZCDX,04d23bd1-f965-4e4d-b06e-41d58980ff78,04d23bd1-f965-4e4d-b06e-41d58980ff78,Hospitable,1,Medellín,Off,2023,5,2023-05,Larga 31+,2022-12-10,123.0,False,False,True,True,16.744444444444444,703.2666666666667,70.26666666666665,Temporada baja,Larga (15+n)
Casa VIP Medellín 6 - Private Room + Bathroom,2023-05-04,2023-05-19,2023-05-04,14.93,224.0,234.0,USD,Airbnb,Booked,15,0,HMB4CXPDJB,04d23bd1-f965-4e4d-b06e-41d58980ff78,04d23bd1-f965-4e4d-b06e-41d58980ff78,Hospitable,1,Medellín,Off,2023,5,2023-05,Mensual 15-30,2023-04-12,22.0,True,False,False,True,21.32857142857143,319.92857142857144,85.92857142857144,Temporada baja,Larga (15+n)
Casa VIP Medellín 6 - Private Room + Bathroom,2023-07-19,2023-07-21,2023-07-15,21.0,42.0,52.0,USD,Airbnb,Booked,2,4,HMQ8FJKE2S,04d23bd1-f965-4e4d-b06e-41d58980ff78,04d23bd1-f965-4e4d-b06e-41d58980ff78,Hospitable,1,Medellín,Off,2023,7,2023-07,Corta 1-3,2023-05-04,72.0,True,True,True,True,30.000000000000004,60.00000000000001,8.000000000000007,Vacaciones Jun-Jul,Corta (1-7n)
Casa VIP Medellín 6 - Private Room + Bathroom,2023-08-30,2023-09-27,2023-07-27,13.64,382.0,392.0,USD,Airbnb,Booked,28,34,HMWZN8H99Z,04d23bd1-f965-4e4d-b06e-41d58980ff78,04d23bd1-f965-4e4d-b06e-41d58980ff78,Hospitable,1,Medellín,Off,2023,8,2023-08,Mensual 15-30,2023-07-15,12.0,False,False,False,False,13.64,381.92,-10.079999999999984,Temporada baja,Larga (15+n)
Casa VIP Medellín 6 - Private Room + Bathroom,2023-10-21,2023-11-18,2023-09-07,20.25,567.0,577.0,USD,Airbnb,Booked,28,44,HMZTCB2P9N,04d23bd1-f965-4e4d-b06e-41d58980ff78,04d23bd1-f965-4e4d-b06e-41d58980ff78,Hospitable,1,Medellín,Off,2023,10,2023-10,Mensual 15-30,2023-07-27,42.0,False,False,True,True,22.5,630.0,53.0,Temporada baja,Larga (15+n)
Casa VIP Medellín 6 - Private Room + Bathroom,2023-10-16,2023-10-20,2023-10-12,22.25,89.0,99.0,USD,Airbnb,Booked,4,4,HMB2MZTP4C,04d23bd1-f965-4e4d-b06e-41d58980ff78,04d23bd1-f965-4e4d-b06e-41d58980ff78,Hospitable,1,Medellín,Off,2023,10,2023-10,Media 4-7,2023-09-07,35.0,True,True,True,True,31.78571428571429,127.14285714285715,28.142857142857153,Temporada baja,Corta (1-7n)
Casa VIP Medellín 6 - Private Room + Bathroom,2023-11-20,2023-12-20,2023-11-04,16.55,496.5,506.5,USD,Airbnb,Booked,30,16,HMBWK92AQS,04d23bd1-f965-4e4d-b06e-41d58980ff78,04d23bd1-f965-4e4d-b06e-41d58980ff78,Hospitable,1,Medellín,Off,2023,11,2023-11,Mensual 15-30,2023-10-12,23.0,False,False,False,False,16.55,496.5,-10.0,Temporada baja,Larga (15+n)
Casa VIP Medellín 6 - Private Room + Bathroom,2024-03-03,2024-04-02,2024-01-30,16.3,489.0,499.0,USD,Airbnb,Booked,30,33,HMTSCXJS3Q,04d23bd1-f965-4e4d-b06e-41d58980ff78,04d23bd1-f965-4e4d-b06e-41d58980ff78,Hospitable,1,Medellín,Off,2024,3,2024-03,Mensual 15-30,2023-11-04,87.0,False,False,True,True,18.11111111111111,543.3333333333334,44.33333333333337,Semana Santa,Larga (15+n)
Casa VIP Medellín 6 - Private Room + Bathroom,2024-05-10,2024-06-11,2024-05-06,12.55,401.5,411.5,USD,Airbnb,Booked,32,4,HMB42AM3FN,04d23bd1-f965-4e4d-b06e-41d58980ff78,04d23bd1-f965-4e4d-b06e-41d58980ff78,Hospitable,1,Medellín,Off,2024,5,2024-05,Larga 31+,2024-01-30,97.0,True,False,True,True,17.92857142857143,573.7142857142858,162.21428571428578,Temporada baja,Larga (15+n)
Casa VIP Medellín 6 - Private Room + Bathroom,2024-06-13,2024-06-27,2024-06-12,16.25,227.5,237.5,USD,Airbnb,Booked,14,1,HM953NCHTA,04d23bd1-f965-4e4d-b06e-41d58980ff78,04d23bd1-f965-4e4d-b06e-41d58980ff78,Hospitable,1,Medellín,Off,2024,6,2024-06,Quincenal 8-14,2024-05-06,37.0,True,False,True,True,23.214285714285715,325.0,87.5,Vacaciones Jun-Jul,Media (8-14n)
Casa VIP Medellín 6 - Private Room + Bathroom,2024-07-14,2024-08-01,2024-07-11,15.71,282.8,292.8,USD,Airbnb,Booked,18,3,HM4N5REK8Y,04d23bd1-f965-4e4d-b06e-41d58980ff78,04d23bd1-f965-4e4d-b06e-41d58980ff78,Hospitable,1,Medellín,Off,2024,7,2024-07,Mensual 15-30,2024-06-12,29.0,True,False,False,True,22.442857142857147,403.97142857142865,111.17142857142863,Vacaciones Jun-Jul,Larga (15+n)
Casa VIP Medellín 6 - Private Room + Bathroom,2024-08-02,2024-08-15,2024-07-31,18.37,238.85,248.85,USD,Airbnb,Booked,13,2,HM3TNPYH9H,04d23bd1-f965-4e4d-b06e-41d58980ff78,04d23bd1-f965-4e4d-b06e-41d58980ff78,Hospitable,1,Medellín,Off,2024,8,2024-08,Quincenal 8-14,2024-07-11,20.0,True,False,False,True,26.242857142857147,341.1571428571429,92.3071428571429,Temporada baja,Media (8-14n)
Casa VIP Medellín 6 - Private Room + Bathroom,2024-08-16,2024-08-23,2024-08-15,18.09,126.65,136.65,USD,Airbnb,Booked,7,1,HMB52X8XCE,04d23bd1-f965-4e4d-b06e-41d58980ff78,04d23bd1-f965-4e4d-b06e-41d58980ff78,Hospitable,1,Medellín,Off,2024,8,2024-08,Media 4-7,2024-07-31,15.0,True,True,False,True,25.842857142857145,180.9,44.25,Temporada baja,Corta (1-7n)
Casa VIP Medellín 6 - Private Room + Bathroom,2024-08-24,2024-12-20,2024-08-21,12.27,1448.01,1458.01,USD,Airbnb,Booked,118,3,HMT9T9KFXF,04d23bd1-f965-4e4d-b06e-41d58980ff78,04d23bd1-f965-4e4d-b06e-41d58980ff78,Hospitable,1,Medellín,Off,2024,8,2024-08,Larga 31+,2024-08-15,6.0,True,False,False,True,17.52857142857143,2068.3714285714286,610.3614285714286,Temporada baja,Larga (15+n)
Casa VIP Medellín 6 - Private Room + Bathroom,2025-01-20,2025-01-26,2024-12-30,28.83,173.0,183.0,USD,Airbnb,Booked,6,21,HMKMZT8F3Y,04d23bd1-f965-4e4d-b06e-41d58980ff78,04d23bd1-f965-4e4d-b06e-41d58980ff78,Hospitable,1,Medellín,Off,2025,1,2025-01,Media 4-7,2024-08-21,131.0,False,True,True,True,36.037499999999994,216.22499999999997,33.224999999999966,Navidad/Año Nuevo,Corta (1-7n)
Casa VIP Medellín 6 - Private Room + Bathroom,2025-01-03,2025-01-10,2025-01-03,20.04,140.25,150.25,USD,Airbnb,Booked,7,0,HMS2SZ3SBJ,04d23bd1-f965-4e4d-b06e-41d58980ff78,04d23bd1-f965-4e4d-b06e-41d58980ff78,Hospitable,1,Medellín,Off,2025,1,2025-01,Media 4-7,2024-12-30,4.0,True,True,False,True,28.62857142857143,200.4,50.150000000000006,Navidad/Año Nuevo,Corta (1-7n)
Casa VIP Medellín 6 - Private Room + Bathroom,2025-01-28,2025-02-18,2025-01-26,15.94,334.8,344.8,USD,Airbnb,Booked,21,2,HM3TDNDN88,04d23bd1-f965-4e4d-b06e-41d58980ff78,04d23bd1-f965-4e4d-b06e-41d58980ff78,Hospitable,1,Medellín,Off,2025,1,2025-01,Mensual 15-30,2025-01-03,23.0,True,False,False,True,22.771428571428572,478.20000000000005,133.40000000000003,Navidad/Año Nuevo,Larga (15+n)
Casa VIP Medellín 6 - Private Room + Bathroom,2025-02-27,2025-03-31,2025-02-13,14.34,459.0,469.0,USD,Airbnb,Booked,32,14,HM83SNKSJD,04d23bd1-f965-4e4d-b06e-41d58980ff78,04d23bd1-f965-4e4d-b06e-41d58980ff78,Hospitable,1,Medellín,Off,2025,2,2025-02,Larga 31+,2025-01-26,18.0,True,False,False,True,20.485714285714288,655.5428571428572,186.5428571428572,Temporada baja,Larga (15+n)
Casa VIP Medellín 6 - Private Room + Bathroom,2025-02-20,2025-02-24,2025-02-20,23.0,92.0,102.0,USD,Airbnb,Booked,4,0,HMXRA2K2QY,04d23bd1-f965-4e4d-b06e-41d58980ff78,04d23bd1-f965-4e4d-b06e-41d58980ff78,Hospitable,1,Medellín,Off,2025,2,2025-02,Media 4-7,2025-02-13,7.0,True,True,False,True,32.85714285714286,131.42857142857144,29.428571428571445,Temporada baja,Corta (1-7n)
Casa VIP Medellín 6 - Private Room + Bathroom,2025-03-31,2025-04-14,2025-03-29,15.5,217.0,227.0,USD,Airbnb,Booked,14,2,HMNWTXFRQB,04d23bd1-f965-4e4d-b06e-41d58980ff78,04d23bd1-f965-4e4d-b06e-41d58980ff78,Hospitable,1,Medellín,Off,2025,3,2025-03,Quincenal 8-14,2025-02-20,37.0,True,False,True,True,22.142857142857146,310.00000000000006,83.00000000000006,Semana Santa,Media (8-14n)
Casa VIP Medellín 6 - Private Room + Bathroom,2025-04-15,2025-04-29,2025-04-15,15.7,219.8,229.8,USD,Airbnb,Booked,14,0,HMBNTERQ4P,04d23bd1-f965-4e4d-b06e-41d58980ff78,04d23bd1-f965-4e4d-b06e-41d58980ff78,Hospitable,1,Medellín,Off,2025,4,2025-04,Quincenal 8-14,2025-03-29,17.0,True,False,False,True,22.42857142857143,314.0,84.19999999999999,Semana Santa,Media (8-14n)
Casa VIP Medellín 6 - Private Room + Bathroom,2025-05-12,2025-06-02,2025-04-21,11.0,231.0,241.0,USD,Airbnb,Booked,21,21,HMYST5NWBH,04d23bd1-f965-4e4d-b06e-41d58980ff78,04d23bd1-f965-4e4d-b06e-41d58980ff78,Hospitable,1,Medellín,Off,2025,5,2025-05,Mensual 15-30,2025-04-15,6.0,False,False,False,False,11.0,231.0,-10.0,Temporada baja,Larga (15+n)
Casa VIP Medellín 6 - Private Room + Bathroom,2025-05-01,2025-05-09,2025-04-30,17.43,139.4,149.4,USD,Airbnb,Booked,8,1,HMKFWCYNJ8,04d23bd1-f965-4e4d-b06e-41d58980ff78,04d23bd1-f965-4e4d-b06e-41d58980ff78,Hospitable,1,Medellín,Off,2025,5,2025-05,Quincenal 8-14,2025-04-21,9.0,True,True,False,True,24.900000000000002,199.20000000000002,49.80000000000001,Temporada baja,Media (8-14n)
Casa VIP Medellín 3 - Private Room,2022-09-25,2022-11-01,2022-09-20,12.62,467.0,467.0,USD,Airbnb,Booked,37,5,HMJ2Y2NHR9,561cb290-e338-4065-a524-dc4ad75d0d69,561cb290-e338-4065-a524-dc4ad75d0d69,Hospitable,1,Medellín,Off,2022,9,2022-09,Larga 31+,,,True,False,False,True,18.02857142857143,667.0571428571428,200.05714285714282,Temporada baja,Larga (15+n)
Casa VIP Medellín 3 - Private Room,2022-11-03,2022-11-06,2022-11-01,20.0,60.0,60.0,USD,Airbnb,Booked,3,2,HMYNYQCPZA,561cb290-e338-4065-a524-dc4ad75d0d69,561cb290-e338-4065-a524-dc4ad75d0d69,Hospitable,1,Medellín,Off,2022,11,2022-11,Corta 1-3,2022-09-20,42.0,True,True,True,True,28.571428571428573,85.71428571428572,25.714285714285722,Temporada baja,Corta (1-7n)
Casa VIP Medellín 3 - Private Room,2022-11-09,2022-11-16,2022-11-06,19.16,134.1,134.1,USD,Airbnb,Booked,7,3,HM4XMQ9BFS,561cb290-e338-4065-a524-dc4ad75d0d69,561cb290-e338-4065-a524-dc4ad75d0d69,Hospitable,1,Medellín,Off,2022,11,2022-11,Media 4-7,2022-11-01,5.0,True,True,False,True,27.371428571428574,191.60000000000002,57.50000000000003,Temporada baja,Corta (1-7n)
Casa VIP Medellín 3 - Private Room,2022-11-25,2022-12-23,2022-11-22,14.46,405.0,405.0,USD,Airbnb,Booked,28,3,HMTDRWWM2B,561cb290-e338-4065-a524-dc4ad75d0d69,561cb290-e338-4065-a524-dc4ad75d0d69,Hospitable,1,Medellín,Off,2022,11,2022-11,Mensual 15-30,2022-11-06,16.0,True,False,False,True,20.65714285714286,578.4000000000001,173.4000000000001,Temporada baja,Larga (15+n)
Casa VIP Medellín 3 - Private Room,2023-01-24,2023-01-27,2023-01-24,22.67,68.0,68.0,USD,Airbnb,Booked,3,0,HMC43EE8AC,561cb290-e338-4065-a524-dc4ad75d0d69,561cb290-e338-4065-a524-dc4ad75d0d69,Hospitable,1,Medellín,Off,2023,1,2023-01,Corta 1-3,2022-11-22,63.0,True,True,True,True,32.38571428571429,97.15714285714287,29.157142857142873,Navidad/Año Nuevo,Corta (1-7n)
Casa VIP Medellín 3 - Private Room,2023-03-05,2023-04-04,2023-02-25,12.82,384.5,384.5,USD,Airbnb,Booked,30,8,HMSCFPKMD4,561cb290-e338-4065-a524-dc4ad75d0d69,561cb290-e338-4065-a524-dc4ad75d0d69,Hospitable,1,Medellín,Off,2023,3,2023-03,Mensual 15-30,2023-01-24,32.0,True,False,True,True,18.314285714285717,549.4285714285716,164.92857142857156,Semana Santa,Larga (15+n)
Casa VIP Medellín 3 - Private Room,2023-02-28,2023-03-03,2023-02-27,20.0,60.0,60.0,USD,Airbnb,Booked,3,1,HMA4EE5RN3,561cb290-e338-4065-a524-dc4ad75d0d69,561cb290-e338-4065-a524-dc4ad75d0d69,Hospitable,1,Medellín,Off,2023,2,2023-02,Corta 1-3,2023-02-25,2.0,True,True,False,True,28.571428571428573,85.71428571428572,25.714285714285722,Temporada baja,Corta (1-7n)
Casa VIP Medellín 3 - Private Room,2023-04-25,2023-05-03,2023-03-24,16.15,129.2,129.2,USD,Airbnb,Booked,8,32,HM2C2SZZC4,561cb290-e338-4065-a524-dc4ad75d0d69,561cb290-e338-4065-a524-dc4ad75d0d69,Hospitable,1,Medellín,Off,2023,4,2023-04,Quincenal 8-14,2023-02-27,25.0,False,False,False,False,16.15,129.2,0.0,Semana Santa,Media (8-14n)
Casa VIP Medellín 3 - Private Room,2023-04-06,2023-04-10,2023-04-03,20.0,80.0,80.0,USD,Airbnb,Booked,4,3,HMWPQTD38E,561cb290-e338-4065-a524-dc4ad75d0d69,561cb290-e338-4065-a524-dc4ad75d0d69,Hospitable,1,Medellín,Off,2023,4,2023-04,Media 4-7,2023-03-24,10.0,True,True,False,True,28.571428571428573,114.28571428571429,34.28571428571429,Semana Santa,Corta (1-7n)
Casa VIP Medellín 3 - Private Room,2023-04-13,2023-04-22,2023-04-10,17.28,155.55,155.55,USD,Airbnb,Booked,9,3,HMK2P3SJ4Y,561cb290-e338-4065-a524-dc4ad75d0d69,561cb290-e338-4065-a524-dc4ad75d0d69,Hospitable,1,Medellín,Off,2023,4,2023-04,Quincenal 8-14,2023-04-03,7.0,True,True,False,True,24.68571428571429,222.1714285714286,66.6214285714286,Semana Santa,Media (8-14n)
Casa VIP Medellín 3 - Private Room,2023-05-07,2023-06-07,2023-05-02,12.0,372.0,382.0,USD,Airbnb,Booked,31,5,HMSJM2B2Y8,561cb290-e338-4065-a524-dc4ad75d0d69,561cb290-e338-4065-a524-dc4ad75d0d69,Hospitable,1,Medellín,Off,2023,5,2023-05,Larga 31+,2023-04-10,22.0,True,False,False,True,17.142857142857142,531.4285714285714,149.42857142857144,Temporada baja,Larga (15+n)
Casa VIP Medellín 3 - Private Room,2023-06-07,2023-07-07,2023-05-08,14.5,435.0,445.0,USD,Airbnb,Booked,30,30,HMYQ2FNQB2,561cb290-e338-4065-a524-dc4ad75d0d69,561cb290-e338-4065-a524-dc4ad75d0d69,Hospitable,1,Medellín,Off,2023,6,2023-06,Mensual 15-30,2023-05-02,6.0,False,False,False,False,14.5,435.0,-10.0,Vacaciones Jun-Jul,Larga (15+n)
Casa VIP Medellín 3 - Private Room,2023-07-07,2023-08-04,2023-06-16,15.61,437.0,437.0,USD,Airbnb,Booked,28,21,HM88M83RTE,561cb290-e338-4065-a524-dc4ad75d0d69,561cb290-e338-4065-a524-dc4ad75d0d69,Hospitable,1,Medellín,Off,2023,7,2023-07,Mensual 15-30,2023-05-08,39.0,False,False,True,True,17.344444444444445,485.64444444444445,48.644444444444446,Vacaciones Jun-Jul,Larga (15+n)
Casa VIP Medellín 3 - Private Room,2023-10-08,2023-11-12,2023-09-08,17.37,608.0,618.0,USD,Airbnb,Booked,35,30,HMFY8NFDNR,561cb290-e338-4065-a524-dc4ad75d0d69,561cb290-e338-4065-a524-dc4ad75d0d69,Hospitable,1,Medellín,Off,2023,10,2023-10,Larga 31+,2023-06-16,84.0,False,False,True,True,19.3,675.5,57.5,Temporada baja,Larga (15+n)
Casa VIP Medellín 3 - Private Room,2023-11-13,2023-12-23,2023-09-09,18.18,727.0,737.0,USD,Airbnb,Booked,40,65,HM8DCHFSAP,561cb290-e338-4065-a524-dc4ad75d0d69,561cb290-e338-4065-a524-dc4ad75d0d69,Hospitable,1,Medellín,Off,2023,11,2023-11,Larga 31+,2023-09-08,1.0,False,False,False,False,18.18,727.2,-9.799999999999955,Temporada baja,Larga (15+n)
Casa VIP Medellín 3 - Private Room,2023-09-15,2023-09-23,2023-09-13,17.21,137.7,147.7,USD,Airbnb,Booked,8,2,HM5YD5ZZPM,561cb290-e338-4065-a524-dc4ad75d0d69,561cb290-e338-4065-a524-dc4ad75d0d69,Hospitable,1,Medellín,Off,2023,9,2023-09,Quincenal 8-14,2023-09-09,4.0,True,True,False,True,24.58571428571429,196.6857142857143,48.98571428571432,Temporada baja,Media (8-14n)
Casa VIP Medellín 3 - Private Room,2023-09-26,2023-10-03,2023-09-25,17.43,122.0,132.0,USD,Airbnb,Booked,7,1,HMJYW5HWW4,561cb290-e338-4065-a524-dc4ad75d0d69,561cb290-e338-4065-a524-dc4ad75d0d69,Hospitable,1,Medellín,Off,2023,9,2023-09,Media 4-7,2023-09-13,12.0,True,True,False,True,24.900000000000002,174.3,42.30000000000001,Temporada baja,Corta (1-7n)
Casa VIP Medellín 3 - Private Room,2023-12-31,2024-01-09,2023-12-28,18.61,167.45,177.45,USD,Airbnb,Booked,9,3,HMEF4NEB3K,561cb290-e338-4065-a524-dc4ad75d0d69,561cb290-e338-4065-a524-dc4ad75d0d69,Hospitable,1,Medellín,Off,2023,12,2023-12,Quincenal 8-14,2023-09-25,94.0,True,True,True,True,26.585714285714285,239.27142857142857,61.821428571428584,Navidad/Año Nuevo,Media (8-14n)
Casa VIP Medellín 3 - Private Room,2024-01-11,2024-01-30,2024-01-06,19.08,362.6,372.6,USD,Airbnb,Booked,19,5,HMA24JE2XE,561cb290-e338-4065-a524-dc4ad75d0d69,561cb290-e338-4065-a524-dc4ad75d0d69,Hospitable,1,Medellín,Off,2024,1,2024-01,Mensual 15-30,2023-12-28,9.0,True,False,False,True,27.257142857142856,517.8857142857142,145.28571428571422,Navidad/Año Nuevo,Larga (15+n)
Casa VIP Medellín 3 - Private Room,2024-02-19,2024-03-19,2024-02-01,13.76,399.0,409.0,USD,Airbnb,Booked,29,18,HMWAT4QPXY,561cb290-e338-4065-a524-dc4ad75d0d69,561cb290-e338-4065-a524-dc4ad75d0d69,Hospitable,1,Medellín,Off,2024,2,2024-02,Mensual 15-30,2024-01-06,26.0,False,False,False,False,13.76,399.04,-9.95999999999998,Temporada baja,Larga (15+n)
Casa VIP Medellín 3 - Private Room,2024-03-31,2024-04-21,2024-03-21,15.43,324.0,334.0,USD,Airbnb,Booked,21,10,HMY3HBNS8A,561cb290-e338-4065-a524-dc4ad75d0d69,561cb290-e338-4065-a524-dc4ad75d0d69,Hospitable,1,Medellín,Off,2024,3,2024-03,Mensual 15-30,2024-02-01,49.0,True,False,True,True,22.042857142857144,462.90000000000003,128.90000000000003,Semana Santa,Larga (15+n)
Casa VIP Medellín 3 - Private Room,2024-05-04,2024-06-04,2024-04-30,11.95,370.5,380.5,USD,Airbnb,Booked,31,4,HMMB4ZHYE3,561cb290-e338-4065-a524-dc4ad75d0d69,561cb290-e338-4065-a524-dc4ad75d0d69,Hospitable,1,Medellín,Off,2024,5,2024-05,Larga 31+,2024-03-21,40.0,True,False,True,True,17.071428571428573,529.2142857142858,148.71428571428578,Temporada baja,Larga (15+n)
Casa VIP Medellín 3 - Private Room,2024-06-05,2024-06-30,2024-06-02,14.59,364.8,374.8,USD,Airbnb,Booked,25,3,HMAZXJCM8M,561cb290-e338-4065-a524-dc4ad75d0d69,561cb290-e338-4065-a524-dc4ad75d0d69,Hospitable,1,Medellín,Off,2024,6,2024-06,Mensual 15-30,2024-04-30,33.0,True,False,True,True,20.842857142857145,521.0714285714287,146.27142857142866,Vacaciones Jun-Jul,Larga (15+n)
Casa VIP Medellín 3 - Private Room,2024-07-19,2024-07-26,2024-07-16,17.0,119.0,129.0,USD,Airbnb,Booked,7,3,HMF5T83FZN,561cb290-e338-4065-a524-dc4ad75d0d69,561cb290-e338-4065-a524-dc4ad75d0d69,Hospitable,1,Medellín,Off,2024,7,2024-07,Media 4-7,2024-06-02,44.0,True,True,True,True,24.28571428571429,170.00000000000003,41.00000000000003,Vacaciones Jun-Jul,Corta (1-7n)
Casa VIP Medellín 3 - Private Room,2024-07-28,2024-08-07,2024-07-17,22.87,228.65,238.65,USD,Airbnb,Booked,10,11,HMJBQAWKZY,561cb290-e338-4065-a524-dc4ad75d0d69,561cb290-e338-4065-a524-dc4ad75d0d69,Hospitable,1,Medellín,Off,2024,7,2024-07,Quincenal 8-14,2024-07-16,1.0,True,False,False,True,32.67142857142858,326.7142857142858,88.06428571428577,Vacaciones Jun-Jul,Media (8-14n)
Casa VIP Medellín 3 - Private Room,2024-10-08,2024-10-17,2024-10-06,18.42,165.75,175.75,USD,Airbnb,Booked,9,2,HM3X2PN93M,561cb290-e338-4065-a524-dc4ad75d0d69,561cb290-e338-4065-a524-dc4ad75d0d69,Hospitable,1,Medellín,Off,2024,10,2024-10,Quincenal 8-14,2024-07-17,81.0,True,True,True,True,26.314285714285717,236.82857142857145,61.07857142857145,Temporada baja,Media (8-14n)
Casa VIP Medellín 3 - Private Room,2024-11-27,2024-12-08,2024-11-25,31.45,346.0,346.0,USD,Airbnb,Booked,11,2,HMBAD48YQ9,561cb290-e338-4065-a524-dc4ad75d0d69,561cb290-e338-4065-a524-dc4ad75d0d69,Hospitable,1,Medellín,Off,2024,11,2024-11,Quincenal 8-14,2024-10-06,50.0,True,False,True,True,44.92857142857143,494.2142857142857,148.21428571428572,Temporada baja,Media (8-14n)
Casa VIP Medellín 3 - Private Room,2024-12-20,2025-01-03,2024-12-19,20.05,280.7,290.7,USD,Airbnb,Booked,14,1,HMYEDAMDAB,561cb290-e338-4065-a524-dc4ad75d0d69,561cb290-e338-4065-a524-dc4ad75d0d69,Hospitable,1,Medellín,Off,2024,12,2024-12,Quincenal 8-14,2024-11-25,24.0,True,False,False,True,28.642857142857146,401.00000000000006,110.30000000000007,Navidad/Año Nuevo,Media (8-14n)
Casa VIP Medellín 3 - Private Room,2025-01-13,2025-01-19,2025-01-13,22.17,133.0,143.0,USD,Airbnb,Booked,6,0,HMETN4R8C8,561cb290-e338-4065-a524-dc4ad75d0d69,561cb290-e338-4065-a524-dc4ad75d0d69,Hospitable,1,Medellín,Off,2025,1,2025-01,Media 4-7,2024-12-19,25.0,True,True,False,True,31.671428571428574,190.02857142857144,47.02857142857144,Navidad/Año Nuevo,Corta (1-7n)
Casa VIP Medellín 3 - Private Room,2025-01-22,2025-01-30,2025-01-17,23.8,190.4,200.4,USD,Airbnb,Booked,8,5,HMXDWMMQE2,561cb290-e338-4065-a524-dc4ad75d0d69,561cb290-e338-4065-a524-dc4ad75d0d69,Hospitable,1,Medellín,Off,2025,1,2025-01,Quincenal 8-14,2025-01-13,4.0,True,True,False,True,34.0,272.0,71.6,Navidad/Año Nuevo,Media (8-14n)
Casa VIP Medellín 3 - Private Room,2025-01-31,2025-02-05,2025-01-29,23.6,118.0,128.0,USD,Airbnb,Booked,5,2,HMYK8A9HQ4,561cb290-e338-4065-a524-dc4ad75d0d69,561cb290-e338-4065-a524-dc4ad75d0d69,Hospitable,1,Medellín,Off,2025,1,2025-01,Media 4-7,2025-01-17,12.0,True,True,False,True,33.714285714285715,168.57142857142858,40.571428571428584,Navidad/Año Nuevo,Corta (1-7n)
Casa VIP Medellín 3 - Private Room,2025-02-08,2025-02-17,2025-02-02,22.29,200.6,210.6,USD,Airbnb,Booked,9,6,HMJ4DAPRMF,561cb290-e338-4065-a524-dc4ad75d0d69,561cb290-e338-4065-a524-dc4ad75d0d69,Hospitable,1,Medellín,Off,2025,2,2025-02,Quincenal 8-14,2025-01-29,4.0,True,True,False,True,31.842857142857145,286.5857142857143,75.9857142857143,Temporada baja,Media (8-14n)
Casa VIP Medellín 3 - Private Room,2025-02-17,2025-02-24,2025-02-14,20.52,143.65,153.65,USD,Airbnb,Booked,7,3,HMWWKWCRRZ,561cb290-e338-4065-a524-dc4ad75d0d69,561cb290-e338-4065-a524-dc4ad75d0d69,Hospitable,1,Medellín,Off,2025,2,2025-02,Media 4-7,2025-02-02,12.0,True,True,False,True,29.314285714285717,205.20000000000002,51.55000000000001,Temporada baja,Corta (1-7n)
Casa VIP Medellín 3 - Private Room,2025-02-24,2025-03-07,2025-02-14,23.03,253.3,263.3,USD,Airbnb,Booked,11,10,HMDFHPDAHC,561cb290-e338-4065-a524-dc4ad75d0d69,561cb290-e338-4065-a524-dc4ad75d0d69,Hospitable,1,Medellín,Off,2025,2,2025-02,Quincenal 8-14,2025-02-14,0.0,True,False,False,True,32.900000000000006,361.9000000000001,98.60000000000008,Temporada baja,Media (8-14n)
Casa VIP Medellín 3 - Private Room,2025-03-08,2025-03-12,2025-03-08,19.0,76.0,86.0,USD,Airbnb,Booked,4,0,HMQFZBWFPJ,561cb290-e338-4065-a524-dc4ad75d0d69,561cb290-e338-4065-a524-dc4ad75d0d69,Hospitable,1,Medellín,Off,2025,3,2025-03,Media 4-7,2025-02-14,22.0,True,True,False,True,27.142857142857146,108.57142857142858,22.571428571428584,Semana Santa,Corta (1-7n)
Casa VIP Medellín 3 - Private Room,2025-04-04,2025-04-11,2025-04-04,16.88,118.15,128.15,USD,Airbnb,Booked,7,0,HMMTXT4EWT,561cb290-e338-4065-a524-dc4ad75d0d69,561cb290-e338-4065-a524-dc4ad75d0d69,Hospitable,1,Medellín,Off,2025,4,2025-04,Media 4-7,2025-03-08,27.0,True,True,False,True,24.114285714285714,168.8,40.650000000000006,Semana Santa,Corta (1-7n)
Casa VIP Medellín 3 - Private Room,2025-04-11,2025-04-18,2025-04-11,19.67,137.7,147.7,USD,Airbnb,Booked,7,0,HMK3NDHP8A,561cb290-e338-4065-a524-dc4ad75d0d69,561cb290-e338-4065-a524-dc4ad75d0d69,Hospitable,1,Medellín,Off,2025,4,2025-04,Media 4-7,2025-04-04,7.0,True,True,False,True,28.100000000000005,196.70000000000005,49.00000000000006,Semana Santa,Corta (1-7n)
Casa VIP Medellín 3 - Private Room,2025-04-18,2025-04-22,2025-04-16,19.0,76.0,86.0,USD,Airbnb,Booked,4,2,HMN4K8XSH9,561cb290-e338-4065-a524-dc4ad75d0d69,561cb290-e338-4065-a524-dc4ad75d0d69,Hospitable,1,Medellín,Off,2025,4,2025-04,Media 4-7,2025-04-11,5.0,True,True,False,True,27.142857142857146,108.57142857142858,22.571428571428584,Semana Santa,Corta (1-7n)
Casa VIP Medellín 3 - Private Room,2025-05-02,2025-05-23,2025-05-02,12.86,270.0,280.0,USD,Airbnb,Booked,21,0,HMJC49RKQW,561cb290-e338-4065-a524-dc4ad75d0d69,561cb290-e338-4065-a524-dc4ad75d0d69,Hospitable,1,Medellín,Off,2025,5,2025-05,Mensual 15-30,2025-04-16,16.0,True,False,False,True,18.37142857142857,385.79999999999995,105.79999999999995,Temporada baja,Larga (15+n)
Casa VIP Medellín 3 - Private Room,2025-06-01,2025-06-15,2025-06-01,14.0,196.0,206.0,USD,Airbnb,Booked,14,0,HMKJRBYQBK,561cb290-e338-4065-a524-dc4ad75d0d69,561cb290-e338-4065-a524-dc4ad75d0d69,Hospitable,1,Medellín,Off,2025,6,2025-06,Quincenal 8-14,2025-05-02,30.0,True,False,True,True,20.0,280.0,74.0,Vacaciones Jun-Jul,Media (8-14n)
Casa VIP Medellín 3 - Private Room,2025-06-18,2025-06-27,2025-06-18,17.66,158.95,168.95,USD,Airbnb,Booked,9,0,HMEJ5TCRSZ,561cb290-e338-4065-a524-dc4ad75d0d69,561cb290-e338-4065-a524-dc4ad75d0d69,Hospitable,1,Medellín,Off,2025,6,2025-06,Quincenal 8-14,2025-06-01,17.0,True,True,False,True,25.22857142857143,227.05714285714288,58.10714285714289,Vacaciones Jun-Jul,Media (8-14n)
Casa VIP Medellín 3 - Private Room,2025-06-27,2025-06-30,2025-06-27,22.67,68.0,78.0,USD,Airbnb,Booked,3,0,HMYZA2SKTY,561cb290-e338-4065-a524-dc4ad75d0d69,561cb290-e338-4065-a524-dc4ad75d0d69,Hospitable,1,Medellín,Off,2025,6,2025-06,Corta 1-3,2025-06-18,9.0,True,True,False,True,32.38571428571429,97.15714285714287,19.157142857142873,Vacaciones Jun-Jul,Corta (1-7n)
Casa VIP Medellín 2 - Private Room,2022-10-05,2022-10-21,2022-09-21,22.78,364.5,364.5,USD,Airbnb,Booked,16,14,HMNEPKZNB8,5b3be724-13b4-4256-b706-f463679b25ae,5b3be724-13b4-4256-b706-f463679b25ae,Hospitable,1,Medellín,Off,2022,10,2022-10,Mensual 15-30,,,True,False,False,True,32.542857142857144,520.6857142857143,156.1857142857143,Temporada baja,Larga (15+n)
Casa VIP Medellín 2 - Private Room,2022-09-30,2022-10-02,2022-09-30,23.0,46.0,46.0,USD,Airbnb,Booked,2,0,HMM2RAA53C,5b3be724-13b4-4256-b706-f463679b25ae,5b3be724-13b4-4256-b706-f463679b25ae,Hospitable,1,Medellín,Off,2022,9,2022-09,Corta 1-3,2022-09-21,9.0,True,True,False,True,32.85714285714286,65.71428571428572,19.714285714285722,Temporada baja,Corta (1-7n)
Casa VIP Medellín 2 - Private Room,2022-11-01,2022-12-01,2022-10-25,16.24,487.2,487.2,USD,Airbnb,Booked,30,7,HMZCEJ8AJP,5b3be724-13b4-4256-b706-f463679b25ae,5b3be724-13b4-4256-b706-f463679b25ae,Hospitable,1,Medellín,Off,2022,11,2022-11,Mensual 15-30,2022-09-30,25.0,True,False,False,True,23.2,696.0,208.8,Temporada baja,Larga (15+n)
Casa VIP Medellín 2 - Private Room,2022-10-25,2022-10-28,2022-10-25,18.0,54.0,54.0,USD,Airbnb,Booked,3,0,HMXMJ5R4FH,5b3be724-13b4-4256-b706-f463679b25ae,5b3be724-13b4-4256-b706-f463679b25ae,Hospitable,1,Medellín,Off,2022,10,2022-10,Corta 1-3,2022-10-25,0.0,True,True,False,True,25.714285714285715,77.14285714285714,23.14285714285714,Temporada baja,Corta (1-7n)
Casa VIP Medellín 2 - Private Room,2022-12-01,2022-12-04,2022-11-28,21.0,63.0,63.0,USD,Airbnb,Booked,3,3,HMDN8EW94Y,5b3be724-13b4-4256-b706-f463679b25ae,5b3be724-13b4-4256-b706-f463679b25ae,Hospitable,1,Medellín,Off,2022,12,2022-12,Corta 1-3,2022-10-25,34.0,True,True,True,True,30.000000000000004,90.00000000000001,27.000000000000014,Navidad/Año Nuevo,Corta (1-7n)
Casa VIP Medellín 2 - Private Room,2023-01-01,2023-01-29,2022-11-30,16.64,466.0,466.0,USD,Airbnb,Booked,28,32,HMZAJ33JKH,5b3be724-13b4-4256-b706-f463679b25ae,5b3be724-13b4-4256-b706-f463679b25ae,Hospitable,1,Medellín,Off,2023,1,2023-01,Mensual 15-30,2022-11-28,2.0,False,False,False,False,16.64,465.92,-0.07999999999998408,Navidad/Año Nuevo,Larga (15+n)
Casa VIP Medellín 2 - Private Room,2022-12-07,2022-12-14,2022-12-01,21.98,153.85,153.85,USD,Airbnb,Booked,7,6,HM4SX3Y8BA,5b3be724-13b4-4256-b706-f463679b25ae,5b3be724-13b4-4256-b706-f463679b25ae,Hospitable,1,Medellín,Off,2022,12,2022-12,Media 4-7,2022-11-30,1.0,True,True,False,True,31.400000000000002,219.8,65.95000000000002,Navidad/Año Nuevo,Corta (1-7n)
Casa VIP Medellín 2 - Private Room,2022-12-17,2022-12-24,2022-12-14,22.34,156.4,156.4,USD,Airbnb,Booked,7,3,HM3BQQ35KF,5b3be724-13b4-4256-b706-f463679b25ae,5b3be724-13b4-4256-b706-f463679b25ae,Hospitable,1,Medellín,Off,2022,12,2022-12,Media 4-7,2022-12-01,13.0,True,True,False,True,31.914285714285715,223.4,67.0,Navidad/Año Nuevo,Corta (1-7n)
Casa VIP Medellín 2 - Private Room,2022-12-15,2022-12-16,2022-12-15,18.0,18.0,18.0,USD,Airbnb,Booked,1,0,HMNPY4R84X,5b3be724-13b4-4256-b706-f463679b25ae,5b3be724-13b4-4256-b706-f463679b25ae,Hospitable,1,Medellín,Off,2022,12,2022-12,Corta 1-3,2022-12-14,1.0,True,True,False,True,25.714285714285715,25.714285714285715,7.714285714285715,Navidad/Año Nuevo,Corta (1-7n)
Casa VIP Medellín 2 - Private Room,2022-12-27,2022-12-30,2022-12-27,21.33,64.0,64.0,USD,Airbnb,Booked,3,0,HMPW48KQ3E,5b3be724-13b4-4256-b706-f463679b25ae,5b3be724-13b4-4256-b706-f463679b25ae,Hospitable,1,Medellín,Off,2022,12,2022-12,Corta 1-3,2022-12-15,12.0,True,True,False,True,30.47142857142857,91.41428571428571,27.41428571428571,Navidad/Año Nuevo,Corta (1-7n)
Casa VIP Medellín 2 - Private Room,2023-02-22,2023-03-22,2023-01-14,14.36,402.0,402.0,USD,Airbnb,Booked,28,39,HMZ4JYXJSC,5b3be724-13b4-4256-b706-f463679b25ae,5b3be724-13b4-4256-b706-f463679b25ae,Hospitable,1,Medellín,Off,2023,2,2023-02,Mensual 15-30,2022-12-27,18.0,False,False,False,False,14.36,402.08,0.07999999999998408,Temporada baja,Larga (15+n)
Casa VIP Medellín 2 - Private Room,2023-02-01,2023-02-18,2023-01-26,20.12,342.0,342.0,USD,Airbnb,Booked,17,6,HM33TZFHK2,5b3be724-13b4-4256-b706-f463679b25ae,5b3be724-13b4-4256-b706-f463679b25ae,Hospitable,1,Medellín,Off,2023,2,2023-02,Mensual 15-30,2023-01-14,12.0,True,False,False,True,28.742857142857147,488.6285714285715,146.6285714285715,Temporada baja,Larga (15+n)
Casa VIP Medellín 2 - Private Room,2023-03-23,2023-04-25,2023-02-05,14.12,466.0,466.0,USD,Airbnb,Booked,33,46,HMDH3DQWN2,5b3be724-13b4-4256-b706-f463679b25ae,5b3be724-13b4-4256-b706-f463679b25ae,Hospitable,1,Medellín,Off,2023,3,2023-03,Larga 31+,2023-01-26,10.0,False,False,False,False,14.12,465.96,-0.040000000000020464,Semana Santa,Larga (15+n)
Casa VIP Medellín 2 - Private Room,2023-05-05,2023-05-19,2023-02-21,20.15,282.1,282.1,USD,Airbnb,Booked,14,73,HMCBHDSWEK,5b3be724-13b4-4256-b706-f463679b25ae,5b3be724-13b4-4256-b706-f463679b25ae,Hospitable,1,Medellín,Off,2023,5,2023-05,Quincenal 8-14,2023-02-05,16.0,False,False,False,False,20.15,282.09999999999997,-5.684341886080802e-14,Temporada baja,Media (8-14n)
Casa VIP Medellín 2 - Private Room,2023-04-26,2023-04-30,2023-04-25,20.5,82.0,92.0,USD,Airbnb,Booked,4,1,HMKCDXPDPQ,5b3be724-13b4-4256-b706-f463679b25ae,5b3be724-13b4-4256-b706-f463679b25ae,Hospitable,1,Medellín,Off,2023,4,2023-04,Media 4-7,2023-02-21,63.0,True,True,True,True,29.28571428571429,117.14285714285715,25.142857142857153,Semana Santa,Corta (1-7n)
Casa VIP Medellín 2 - Private Room,2023-05-28,2023-06-28,2023-05-05,13.44,416.5,426.5,USD,Airbnb,Booked,31,23,HMXXNBXCSY,5b3be724-13b4-4256-b706-f463679b25ae,5b3be724-13b4-4256-b706-f463679b25ae,Hospitable,1,Medellín,Off,2023,5,2023-05,Larga 31+,2023-04-25,10.0,False,False,False,False,13.44,416.64,-9.860000000000014,Temporada baja,Larga (15+n)
Casa VIP Medellín 2 - Private Room,2023-05-19,2023-05-26,2023-05-19,13.71,96.0,106.0,USD,Airbnb,Booked,7,0,HMHW5ZXZQA,5b3be724-13b4-4256-b706-f463679b25ae,5b3be724-13b4-4256-b706-f463679b25ae,Hospitable,1,Medellín,Off,2023,5,2023-05,Media 4-7,2023-05-05,14.0,True,True,False,True,19.58571428571429,137.10000000000002,31.100000000000023,Temporada baja,Corta (1-7n)
Casa VIP Medellín 2 - Private Room,2023-06-28,2023-07-05,2023-06-19,60.43,423.0,433.0,USD,Airbnb,Booked,7,9,HMWWRPRT3X,5b3be724-13b4-4256-b706-f463679b25ae,5b3be724-13b4-4256-b706-f463679b25ae,Hospitable,1,Medellín,Off,2023,6,2023-06,Media 4-7,2023-05-19,31.0,True,True,True,True,86.32857142857144,604.3000000000001,171.30000000000007,Vacaciones Jun-Jul,Corta (1-7n)
Casa VIP Medellín 2 - Private Room,2023-07-09,2023-08-09,2023-07-03,14.77,458.0,468.0,USD,Airbnb,Booked,31,6,HMKHT9KQ84,5b3be724-13b4-4256-b706-f463679b25ae,5b3be724-13b4-4256-b706-f463679b25ae,Hospitable,1,Medellín,Off,2023,7,2023-07,Larga 31+,2023-06-19,14.0,True,False,False,True,21.1,654.1,186.10000000000002,Vacaciones Jun-Jul,Larga (15+n)
Casa VIP Medellín 2 - Private Room,2023-07-05,2023-07-07,2023-07-04,20.5,41.0,41.0,USD,Airbnb,Booked,2,1,HMEPM5DFN3,5b3be724-13b4-4256-b706-f463679b25ae,5b3be724-13b4-4256-b706-f463679b25ae,Hospitable,1,Medellín,Off,2023,7,2023-07,Corta 1-3,2023-07-03,1.0,True,True,False,True,29.28571428571429,58.57142857142858,17.571428571428577,Vacaciones Jun-Jul,Corta (1-7n)
Casa VIP Medellín 2 - Private Room,2023-08-13,2023-09-10,2023-07-18,13.96,391.0,401.0,USD,Airbnb,Booked,28,26,HMXWXPQA9D,5b3be724-13b4-4256-b706-f463679b25ae,5b3be724-13b4-4256-b706-f463679b25ae,Hospitable,1,Medellín,Off,2023,8,2023-08,Mensual 15-30,2023-07-04,14.0,False,False,False,False,13.96,390.88,-10.120000000000005,Temporada baja,Larga (15+n)
Casa VIP Medellín 2 - Private Room,2023-09-13,2023-10-27,2023-08-29,13.42,590.5,680.2,USD,Airbnb,Booked,44,15,HM43KDPAB5,5b3be724-13b4-4256-b706-f463679b25ae,5b3be724-13b4-4256-b706-f463679b25ae,Hospitable,1,Medellín,Off,2023,9,2023-09,Larga 31+,2023-07-18,42.0,True,False,True,True,19.17142857142857,843.5428571428571,163.34285714285704,Temporada baja,Larga (15+n)
Casa VIP Medellín 2 - Private Room,2023-10-27,2023-11-27,2023-09-13,18.66,578.5,588.5,USD,Airbnb,Booked,31,44,HMKTNQMKYH,5b3be724-13b4-4256-b706-f463679b25ae,5b3be724-13b4-4256-b706-f463679b25ae,Hospitable,1,Medellín,Off,2023,10,2023-10,Larga 31+,2023-08-29,15.0,False,False,False,False,18.66,578.46,-10.039999999999964,Temporada baja,Larga (15+n)
Casa VIP Medellín 2 - Private Room,2023-12-25,2024-01-04,2023-12-21,23.63,236.3,246.3,USD,Airbnb,Booked,10,4,HMYM2PXZ99,5b3be724-13b4-4256-b706-f463679b25ae,5b3be724-13b4-4256-b706-f463679b25ae,Hospitable,1,Medellín,Off,2023,12,2023-12,Quincenal 8-14,2023-09-13,99.0,True,False,True,True,33.75714285714286,337.5714285714286,91.2714285714286,Navidad/Año Nuevo,Media (8-14n)
Casa VIP Medellín 2 - Private Room,2024-01-06,2024-01-16,2024-01-03,23.04,230.35,240.35,USD,Airbnb,Booked,10,3,HMM2FE3QWE,5b3be724-13b4-4256-b706-f463679b25ae,5b3be724-13b4-4256-b706-f463679b25ae,Hospitable,1,Medellín,Off,2024,1,2024-01,Quincenal 8-14,2023-12-21,13.0,True,False,False,True,32.91428571428572,329.14285714285717,88.79285714285717,Navidad/Año Nuevo,Media (8-14n)
Casa VIP Medellín 2 - Private Room,2024-01-30,2024-02-29,2024-01-16,16.23,487.0,497.0,USD,Airbnb,Booked,30,14,HMWNWDHTKK,5b3be724-13b4-4256-b706-f463679b25ae,5b3be724-13b4-4256-b706-f463679b25ae,Hospitable,1,Medellín,Off,2024,1,2024-01,Mensual 15-30,2024-01-03,13.0,True,False,False,True,23.185714285714287,695.5714285714286,198.57142857142856,Navidad/Año Nuevo,Larga (15+n)
Casa VIP Medellín 2 - Private Room,2024-03-10,2024-04-07,2024-03-08,13.57,380.0,390.0,USD,Airbnb,Booked,28,2,HMEXRHMKY8,5b3be724-13b4-4256-b706-f463679b25ae,5b3be724-13b4-4256-b706-f463679b25ae,Hospitable,1,Medellín,Off,2024,3,2024-03,Mensual 15-30,2024-01-16,52.0,True,False,True,True,19.385714285714286,542.8,152.79999999999995,Semana Santa,Larga (15+n)
Casa VIP Medellín 2 - Private Room,2024-04-08,2024-05-09,2024-03-28,13.23,410.0,420.0,USD,Airbnb,Booked,31,11,HMQEQCKWY4,5b3be724-13b4-4256-b706-f463679b25ae,5b3be724-13b4-4256-b706-f463679b25ae,Hospitable,1,Medellín,Off,2024,4,2024-04,Larga 31+,2024-03-08,20.0,True,False,False,True,18.900000000000002,585.9000000000001,165.9000000000001,Semana Santa,Larga (15+n)
Casa VIP Medellín 2 - Private Room,2024-05-12,2024-06-13,2024-05-08,12.08,386.5,396.5,USD,Airbnb,Booked,32,4,HMP2QMS8EA,5b3be724-13b4-4256-b706-f463679b25ae,5b3be724-13b4-4256-b706-f463679b25ae,Hospitable,1,Medellín,Off,2024,5,2024-05,Larga 31+,2024-03-28,41.0,True,False,True,True,17.25714285714286,552.2285714285715,155.7285714285715,Temporada baja,Larga (15+n)
Casa VIP Medellín 2 - Private Room,2024-06-16,2024-07-16,2024-05-30,14.83,445.0,455.0,USD,Airbnb,Booked,30,17,HMQQAJT54Y,5b3be724-13b4-4256-b706-f463679b25ae,5b3be724-13b4-4256-b706-f463679b25ae,Hospitable,1,Medellín,Off,2024,6,2024-06,Mensual 15-30,2024-05-08,22.0,False,False,False,False,14.83,444.9,-10.100000000000023,Vacaciones Jun-Jul,Larga (15+n)
Casa VIP Medellín 2 - Private Room,2024-07-18,2024-08-15,2024-07-15,12.04,337.0,347.0,USD,Airbnb,Booked,28,3,HMERQAPB9H,5b3be724-13b4-4256-b706-f463679b25ae,5b3be724-13b4-4256-b706-f463679b25ae,Hospitable,1,Medellín,Off,2024,7,2024-07,Mensual 15-30,2024-05-30,46.0,True,False,True,True,17.2,481.59999999999997,134.59999999999997,Vacaciones Jun-Jul,Larga (15+n)
Casa VIP Medellín 2 - Private Room,2024-08-15,2024-08-23,2024-08-10,21.99,175.95,185.95,USD,Airbnb,Booked,8,5,HMT9XMRYJ9,5b3be724-13b4-4256-b706-f463679b25ae,5b3be724-13b4-4256-b706-f463679b25ae,Hospitable,1,Medellín,Off,2024,8,2024-08,Quincenal 8-14,2024-07-15,26.0,True,True,False,True,31.414285714285715,251.31428571428572,65.36428571428573,Temporada baja,Media (8-14n)
Casa VIP Medellín 2 - Private Room,2024-08-24,2024-09-22,2024-08-10,13.71,397.5,407.5,USD,Airbnb,Booked,29,14,HMRHNEC3R8,5b3be724-13b4-4256-b706-f463679b25ae,5b3be724-13b4-4256-b706-f463679b25ae,Hospitable,1,Medellín,Off,2024,8,2024-08,Mensual 15-30,2024-08-10,0.0,True,False,False,True,19.58571428571429,567.9857142857144,160.48571428571438,Temporada baja,Larga (15+n)
Casa VIP Medellín 2 - Private Room,2024-10-09,2024-10-16,2024-10-09,17.36,121.55,131.55,USD,Airbnb,Booked,7,0,HMD52DCQK5,5b3be724-13b4-4256-b706-f463679b25ae,5b3be724-13b4-4256-b706-f463679b25ae,Hospitable,1,Medellín,Off,2024,10,2024-10,Media 4-7,2024-08-10,60.0,True,True,True,True,24.8,173.6,42.04999999999998,Temporada baja,Corta (1-7n)
Casa VIP Medellín 2 - Private Room,2024-10-25,2024-11-25,2024-10-21,13.55,420.0,430.0,USD,Airbnb,Booked,31,4,HMXEYWJY99,5b3be724-13b4-4256-b706-f463679b25ae,5b3be724-13b4-4256-b706-f463679b25ae,Hospitable,1,Medellín,Off,2024,10,2024-10,Larga 31+,2024-10-09,12.0,True,False,False,True,19.357142857142858,600.0714285714286,170.07142857142856,Temporada baja,Larga (15+n)
Casa VIP Medellín 2 - Private Room,2024-12-05,2024-12-15,2024-11-20,32.13,321.3,331.3,USD,Airbnb,Booked,10,15,HMSXHPB5YB,5b3be724-13b4-4256-b706-f463679b25ae,5b3be724-13b4-4256-b706-f463679b25ae,Hospitable,1,Medellín,Off,2024,12,2024-12,Quincenal 8-14,2024-10-21,30.0,True,False,True,True,45.900000000000006,459.00000000000006,127.70000000000005,Navidad/Año Nuevo,Media (8-14n)
Casa VIP Medellín 2 - Private Room,2024-12-18,2025-01-01,2024-12-15,20.25,283.5,293.5,USD,Airbnb,Booked,14,3,HM5B3P94BR,5b3be724-13b4-4256-b706-f463679b25ae,5b3be724-13b4-4256-b706-f463679b25ae,Hospitable,1,Medellín,Off,2024,12,2024-12,Quincenal 8-14,2024-11-20,25.0,True,False,False,True,28.92857142857143,405.0,111.5,Navidad/Año Nuevo,Media (8-14n)
Casa VIP Medellín 2 - Private Room,2025-01-09,2025-01-27,2025-01-09,19.37,348.6,358.6,USD,Airbnb,Booked,18,0,HMRQSTTHXF,5b3be724-13b4-4256-b706-f463679b25ae,5b3be724-13b4-4256-b706-f463679b25ae,Hospitable,1,Medellín,Off,2025,1,2025-01,Mensual 15-30,2024-12-15,25.0,True,False,False,True,27.671428571428574,498.08571428571435,139.48571428571432,Navidad/Año Nuevo,Larga (15+n)
Casa VIP Medellín 2 - Private Room,2025-01-29,2025-02-08,2025-01-29,18.79,187.85,197.85,USD,Airbnb,Booked,10,0,HMKTMSY3BW,5b3be724-13b4-4256-b706-f463679b25ae,5b3be724-13b4-4256-b706-f463679b25ae,Hospitable,1,Medellín,Off,2025,1,2025-01,Quincenal 8-14,2025-01-09,20.0,True,False,False,True,26.84285714285714,268.42857142857144,70.57857142857145,Navidad/Año Nuevo,Media (8-14n)
Casa VIP Medellín 2 - Private Room,2025-02-14,2025-02-20,2025-02-12,24.33,146.0,156.0,USD,Airbnb,Booked,6,2,HMSDZMRDKF,5b3be724-13b4-4256-b706-f463679b25ae,5b3be724-13b4-4256-b706-f463679b25ae,Hospitable,1,Medellín,Off,2025,2,2025-02,Media 4-7,2025-01-29,14.0,True,True,False,True,34.75714285714286,208.54285714285714,52.542857142857144,Temporada baja,Corta (1-7n)
Casa VIP Medellín 2 - Private Room,2025-02-23,2025-03-13,2025-02-15,19.09,343.7,353.7,USD,Airbnb,Booked,18,8,HM2ZMYXTJ5,5b3be724-13b4-4256-b706-f463679b25ae,5b3be724-13b4-4256-b706-f463679b25ae,Hospitable,1,Medellín,Off,2025,2,2025-02,Mensual 15-30,2025-02-12,3.0,True,False,False,True,27.271428571428572,490.8857142857143,137.1857142857143,Temporada baja,Larga (15+n)
Casa VIP Medellín 2 - Private Room,2025-03-15,2025-03-21,2025-03-15,20.33,122.0,132.0,USD,Airbnb,Booked,6,0,HMW5S2R4PB,5b3be724-13b4-4256-b706-f463679b25ae,5b3be724-13b4-4256-b706-f463679b25ae,Hospitable,1,Medellín,Off,2025,3,2025-03,Media 4-7,2025-02-15,28.0,True,True,False,True,29.04285714285714,174.25714285714284,42.25714285714284,Semana Santa,Corta (1-7n)
Casa VIP Medellín 2 - Private Room,2025-03-21,2025-03-26,2025-03-18,23.4,117.0,127.0,USD,Airbnb,Booked,5,3,HM2SZY5EAB,5b3be724-13b4-4256-b706-f463679b25ae,5b3be724-13b4-4256-b706-f463679b25ae,Hospitable,1,Medellín,Off,2025,3,2025-03,Media 4-7,2025-03-15,3.0,True,True,False,True,33.42857142857143,167.14285714285717,40.14285714285717,Semana Santa,Corta (1-7n)
Casa VIP Medellín 2 - Private Room,2025-04-07,2025-04-14,2025-04-06,17.97,125.8,135.8,USD,Airbnb,Booked,7,1,HM8HQZJ4CA,5b3be724-13b4-4256-b706-f463679b25ae,5b3be724-13b4-4256-b706-f463679b25ae,Hospitable,1,Medellín,Off,2025,4,2025-04,Media 4-7,2025-03-18,19.0,True,True,False,True,25.67142857142857,179.7,43.89999999999998,Semana Santa,Corta (1-7n)
Casa VIP Medellín 2 - Private Room,2025-04-14,2025-04-19,2025-04-13,20.2,101.0,111.0,USD,Airbnb,Booked,5,1,HMEEQNAS9T,5b3be724-13b4-4256-b706-f463679b25ae,5b3be724-13b4-4256-b706-f463679b25ae,Hospitable,1,Medellín,Off,2025,4,2025-04,Media 4-7,2025-04-06,7.0,True,True,False,True,28.857142857142858,144.28571428571428,33.28571428571428,Semana Santa,Corta (1-7n)
Casa VIP Medellín 2 - Private Room,2025-04-21,2025-05-05,2025-04-18,16.25,227.5,237.5,USD,Airbnb,Booked,14,3,HMR5MFBEZE,5b3be724-13b4-4256-b706-f463679b25ae,5b3be724-13b4-4256-b706-f463679b25ae,Hospitable,1,Medellín,Off,2025,4,2025-04,Quincenal 8-14,2025-04-13,5.0,True,False,False,True,23.214285714285715,325.0,87.5,Semana Santa,Media (8-14n)
Casa VIP Medellín 2 - Private Room,2025-05-12,2025-05-16,2025-05-11,19.0,76.0,86.0,USD,Airbnb,Booked,4,1,HMPBC39FD5,5b3be724-13b4-4256-b706-f463679b25ae,5b3be724-13b4-4256-b706-f463679b25ae,Hospitable,1,Medellín,Off,2025,5,2025-05,Media 4-7,2025-04-18,23.0,True,True,False,True,27.142857142857146,108.57142857142858,22.571428571428584,Temporada baja,Corta (1-7n)
Casa VIP Medellín 2 - Private Room,2025-05-18,2025-05-23,2025-05-16,20.2,101.0,111.0,USD,Airbnb,Booked,5,2,HMJ3PX4P8R,5b3be724-13b4-4256-b706-f463679b25ae,5b3be724-13b4-4256-b706-f463679b25ae,Hospitable,1,Medellín,Off,2025,5,2025-05,Media 4-7,2025-05-11,5.0,True,True,False,True,28.857142857142858,144.28571428571428,33.28571428571428,Temporada baja,Corta (1-7n)
Casa VIP Medellín 2 - Private Room,2025-05-23,2025-05-25,2025-05-23,18.0,36.0,46.0,USD,Airbnb,Booked,2,0,HM5X4HE43C,5b3be724-13b4-4256-b706-f463679b25ae,5b3be724-13b4-4256-b706-f463679b25ae,Hospitable,1,Medellín,Off,2025,5,2025-05,Corta 1-3,2025-05-16,7.0,True,True,False,True,25.714285714285715,51.42857142857143,5.428571428571431,Temporada baja,Corta (1-7n)
Casa VIP Medellín 2 - Private Room,2025-05-31,2025-06-15,2025-05-30,15.73,236.0,246.0,USD,Airbnb,Booked,15,1,HMX8TDEY4E,5b3be724-13b4-4256-b706-f463679b25ae,5b3be724-13b4-4256-b706-f463679b25ae,Hospitable,1,Medellín,Off,2025,5,2025-05,Mensual 15-30,2025-05-23,7.0,True,False,False,True,22.471428571428575,337.0714285714286,91.07142857142861,Temporada baja,Larga (15+n)
Casa VIP Medellín 2 - Private Room,2025-06-18,2025-06-30,2025-06-16,19.97,239.7,249.7,USD,Airbnb,Booked,12,2,HM2TCFJX8T,5b3be724-13b4-4256-b706-f463679b25ae,5b3be724-13b4-4256-b706-f463679b25ae,Hospitable,1,Medellín,Off,2025,6,2025-06,Quincenal 8-14,2025-05-30,17.0,True,False,False,True,28.52857142857143,342.34285714285716,92.64285714285717,Vacaciones Jun-Jul,Media (8-14n)
Casa VIP Medellín 1 - Private Room + Bathroom,2023-08-16,2023-09-13,2023-08-02,14.77,413.5,423.5,USD,Airbnb,Booked,28,14,HMDNTB3XHY,81289b93-6954-4545-863d-a3f9e23b96cd,81289b93-6954-4545-863d-a3f9e23b96cd,Hospitable,1,Medellín,Off,2023,8,2023-08,Mensual 15-30,,,True,False,False,True,21.1,590.8000000000001,167.30000000000007,Temporada baja,Larga (15+n)
Casa VIP Medellín 1 - Private Room + Bathroom,2024-03-16,2024-05-16,2024-03-14,11.51,702.0,712.0,USD,Airbnb,Booked,61,2,HMC3TJJH55,81289b93-6954-4545-863d-a3f9e23b96cd,81289b93-6954-4545-863d-a3f9e23b96cd,Hospitable,1,Medellín,Off,2024,3,2024-03,Larga 31+,2023-08-02,225.0,True,False,True,True,16.442857142857143,1003.0142857142857,291.01428571428573,Semana Santa,Larga (15+n)
Casa VIP Medellín 1 - Private Room + Bathroom,2024-05-26,2024-06-27,2024-05-21,12.66,405.0,415.0,USD,Airbnb,Booked,32,5,HMMYCRAZ2J,81289b93-6954-4545-863d-a3f9e23b96cd,81289b93-6954-4545-863d-a3f9e23b96cd,Hospitable,1,Medellín,Off,2024,5,2024-05,Larga 31+,2024-03-14,68.0,True,False,True,True,18.085714285714285,578.7428571428571,163.74285714285713,Temporada baja,Larga (15+n)
Casa VIP Medellín 1 - Private Room + Bathroom,2024-07-23,2024-07-31,2024-07-23,16.26,130.05,140.05,USD,Airbnb,Booked,8,0,HMJTZQ8KD3,81289b93-6954-4545-863d-a3f9e23b96cd,81289b93-6954-4545-863d-a3f9e23b96cd,Hospitable,1,Medellín,Off,2024,7,2024-07,Quincenal 8-14,2024-05-21,63.0,True,True,True,True,23.22857142857143,185.82857142857145,45.77857142857144,Vacaciones Jun-Jul,Media (8-14n)
Casa VIP Medellín 1 - Private Room + Bathroom,2024-08-01,2024-09-03,2024-07-24,13.82,456.0,466.0,USD,Airbnb,Booked,33,8,HMXKDSP2WK,81289b93-6954-4545-863d-a3f9e23b96cd,81289b93-6954-4545-863d-a3f9e23b96cd,Hospitable,1,Medellín,Off,2024,8,2024-08,Larga 31+,2024-07-23,1.0,True,False,False,True,19.742857142857144,651.5142857142857,185.51428571428573,Temporada baja,Larga (15+n)
Casa VIP Medellín 1 - Private Room + Bathroom,2024-09-24,2024-12-10,2024-08-30,14.91,1148.0,1158.0,USD,Airbnb,Booked,77,25,HMYEMXKNBC,81289b93-6954-4545-863d-a3f9e23b96cd,81289b93-6954-4545-863d-a3f9e23b96cd,Hospitable,1,Medellín,Off,2024,9,2024-09,Larga 31+,2024-07-24,37.0,False,False,True,True,16.566666666666666,1275.6333333333332,117.63333333333321,Temporada baja,Larga (15+n)
Casa VIP Medellín 1 - Private Room + Bathroom,2024-09-08,2024-09-26,2024-09-01,16.99,305.9,315.9,USD,Airbnb,Booked,18,7,HM2X4ASF4A,81289b93-6954-4545-863d-a3f9e23b96cd,81289b93-6954-4545-863d-a3f9e23b96cd,Hospitable,1,Medellín,Off,2024,9,2024-09,Mensual 15-30,2024-08-30,2.0,True,False,False,True,24.271428571428572,436.8857142857143,120.98571428571432,Temporada baja,Larga (15+n)
Casa VIP Medellín 1 - Private Room + Bathroom,2024-12-26,2025-01-02,2024-12-24,25.5,178.5,188.5,USD,Airbnb,Booked,7,2,HMRH4DR5M9,81289b93-6954-4545-863d-a3f9e23b96cd,81289b93-6954-4545-863d-a3f9e23b96cd,Hospitable,1,Medellín,Off,2024,12,2024-12,Media 4-7,2024-09-01,114.0,True,True,True,True,36.42857142857143,255.0,66.5,Navidad/Año Nuevo,Corta (1-7n)
Casa VIP Medellín 1 - Private Room + Bathroom,2025-01-06,2025-02-05,2024-12-31,14.68,440.5,450.5,USD,Airbnb,Booked,30,6,HMNNJYPH3W,81289b93-6954-4545-863d-a3f9e23b96cd,81289b93-6954-4545-863d-a3f9e23b96cd,Hospitable,1,Medellín,Off,2025,1,2025-01,Mensual 15-30,2024-12-24,7.0,True,False,False,True,20.97142857142857,629.1428571428571,178.6428571428571,Navidad/Año Nuevo,Larga (15+n)
Casa VIP Medellín 1 - Private Room + Bathroom,2025-02-15,2025-03-15,2025-02-12,13.41,375.5,385.5,USD,Airbnb,Booked,28,3,HMNBM2TZT8,81289b93-6954-4545-863d-a3f9e23b96cd,81289b93-6954-4545-863d-a3f9e23b96cd,Hospitable,1,Medellín,Off,2025,2,2025-02,Mensual 15-30,2024-12-31,43.0,True,False,True,True,19.15714285714286,536.4000000000001,150.9000000000001,Temporada baja,Larga (15+n)
Casa VIP Medellín 1 - Private Room + Bathroom,2025-03-20,2025-04-10,2025-02-24,16.57,348.0,358.0,USD,Airbnb,Booked,21,24,HMH54W4TD9,81289b93-6954-4545-863d-a3f9e23b96cd,81289b93-6954-4545-863d-a3f9e23b96cd,Hospitable,1,Medellín,Off,2025,3,2025-03,Mensual 15-30,2025-02-12,12.0,False,False,False,False,16.57,347.97,-10.029999999999973,Semana Santa,Larga (15+n)
Casa VIP Medellín 1 - Private Room + Bathroom,2025-04-13,2025-04-20,2025-04-13,19.55,136.85,146.85,USD,Airbnb,Booked,7,0,HM9DB4YNP4,81289b93-6954-4545-863d-a3f9e23b96cd,81289b93-6954-4545-863d-a3f9e23b96cd,Hospitable,1,Medellín,Off,2025,4,2025-04,Media 4-7,2025-02-24,48.0,True,True,True,True,27.92857142857143,195.5,48.650000000000006,Semana Santa,Corta (1-7n)
Casa VIP Medellín 1 - Private Room + Bathroom,2025-04-21,2025-05-19,2025-04-15,15.75,441.0,451.0,USD,Airbnb,Booked,28,6,HM35YYYNE8,81289b93-6954-4545-863d-a3f9e23b96cd,81289b93-6954-4545-863d-a3f9e23b96cd,Hospitable,1,Medellín,Off,2025,4,2025-04,Mensual 15-30,2025-04-13,2.0,True,False,False,True,22.5,630.0,179.0,Semana Santa,Larga (15+n)
Casa VIP Medellín 1 - Private Room + Bathroom,2025-05-20,2025-06-04,2025-05-09,16.94,254.1,264.1,USD,Airbnb,Booked,15,11,HMWD2FDD8W,81289b93-6954-4545-863d-a3f9e23b96cd,81289b93-6954-4545-863d-a3f9e23b96cd,Hospitable,1,Medellín,Off,2025,5,2025-05,Mensual 15-30,2025-04-15,24.0,True,False,False,True,24.200000000000003,363.00000000000006,98.90000000000003,Temporada baja,Larga (15+n)
Casa VIP Medellín 1 - Private Room + Bathroom,2025-06-10,2025-06-28,2025-06-09,16.5,297.0,307.0,USD,Airbnb,Booked,18,1,HMXJ5ZHWNZ,81289b93-6954-4545-863d-a3f9e23b96cd,81289b93-6954-4545-863d-a3f9e23b96cd,Hospitable,1,Medellín,Off,2025,6,2025-06,Mensual 15-30,2025-05-09,31.0,True,False,True,True,23.571428571428573,424.28571428571433,117.28571428571433,Vacaciones Jun-Jul,Larga (15+n)
Casa VIP Medellín 4 - Private Room,2023-03-30,2023-04-16,2023-03-28,14.82,252.0,252.0,USD,Airbnb,Booked,17,2,HM8YWBAC42,839e14b6-b389-4dba-b8e4-bf203f7687b6,839e14b6-b389-4dba-b8e4-bf203f7687b6,Hospitable,1,Medellín,Off,2023,3,2023-03,Mensual 15-30,,,True,False,False,True,21.171428571428574,359.91428571428577,107.91428571428577,Semana Santa,Larga (15+n)
Casa VIP Medellín 4 - Private Room,2023-04-17,2023-05-15,2023-04-10,12.55,351.5,351.5,USD,Airbnb,Booked,28,7,HMYQM54ZZM,839e14b6-b389-4dba-b8e4-bf203f7687b6,839e14b6-b389-4dba-b8e4-bf203f7687b6,Hospitable,1,Medellín,Off,2023,4,2023-04,Mensual 15-30,2023-03-28,13.0,True,False,False,True,17.92857142857143,502.00000000000006,150.50000000000006,Semana Santa,Larga (15+n)
Casa VIP Medellín 4 - Private Room,2023-05-15,2023-06-15,2023-04-22,13.6,421.5,421.5,USD,Airbnb,Booked,31,23,HMQJRAJ45P,839e14b6-b389-4dba-b8e4-bf203f7687b6,839e14b6-b389-4dba-b8e4-bf203f7687b6,Hospitable,1,Medellín,Off,2023,5,2023-05,Larga 31+,2023-04-10,12.0,False,False,False,False,13.6,421.59999999999997,0.0999999999999659,Temporada baja,Larga (15+n)
Casa VIP Medellín 4 - Private Room,2023-06-19,2023-07-17,2023-05-18,14.7,411.5,421.5,USD,Airbnb,Booked,28,32,HM28JD83FT,839e14b6-b389-4dba-b8e4-bf203f7687b6,839e14b6-b389-4dba-b8e4-bf203f7687b6,Hospitable,1,Medellín,Off,2023,6,2023-06,Mensual 15-30,2023-04-22,26.0,False,False,False,False,14.7,411.59999999999997,-9.900000000000034,Vacaciones Jun-Jul,Larga (15+n)
Casa VIP Medellín 4 - Private Room,2023-06-16,2023-06-19,2023-06-07,27.67,83.0,93.0,USD,Airbnb,Booked,3,9,HMW4RREDFS,839e14b6-b389-4dba-b8e4-bf203f7687b6,839e14b6-b389-4dba-b8e4-bf203f7687b6,Hospitable,1,Medellín,Off,2023,6,2023-06,Corta 1-3,2023-05-18,20.0,True,True,False,True,39.52857142857143,118.58571428571429,25.58571428571429,Vacaciones Jun-Jul,Corta (1-7n)
Casa VIP Medellín 4 - Private Room,2023-08-01,2023-09-01,2023-07-08,15.06,467.0,477.0,USD,Airbnb,Booked,31,24,HMPKT4RQQM,839e14b6-b389-4dba-b8e4-bf203f7687b6,839e14b6-b389-4dba-b8e4-bf203f7687b6,Hospitable,1,Medellín,Off,2023,8,2023-08,Larga 31+,2023-06-07,31.0,False,False,True,True,16.733333333333334,518.7333333333333,41.73333333333335,Temporada baja,Larga (15+n)
Casa VIP Medellín 4 - Private Room,2023-07-17,2023-07-21,2023-07-17,19.0,76.0,86.0,USD,Airbnb,Booked,4,0,HMFQX24AJ3,839e14b6-b389-4dba-b8e4-bf203f7687b6,839e14b6-b389-4dba-b8e4-bf203f7687b6,Hospitable,1,Medellín,Off,2023,7,2023-07,Media 4-7,2023-07-08,9.0,True,True,False,True,27.142857142857146,108.57142857142858,22.571428571428584,Vacaciones Jun-Jul,Corta (1-7n)
Casa VIP Medellín 4 - Private Room,2023-07-25,2023-07-29,2023-07-20,24.5,98.0,108.0,USD,Airbnb,Booked,4,5,HM8X4ZFHTR,839e14b6-b389-4dba-b8e4-bf203f7687b6,839e14b6-b389-4dba-b8e4-bf203f7687b6,Hospitable,1,Medellín,Off,2023,7,2023-07,Media 4-7,2023-07-17,3.0,True,True,False,True,35.0,140.0,32.0,Vacaciones Jun-Jul,Corta (1-7n)
Casa VIP Medellín 4 - Private Room,2023-09-01,2023-10-15,2023-07-24,13.73,604.0,614.0,USD,Airbnb,Booked,44,39,HMF2FS29CP,839e14b6-b389-4dba-b8e4-bf203f7687b6,839e14b6-b389-4dba-b8e4-bf203f7687b6,Hospitable,1,Medellín,Off,2023,9,2023-09,Larga 31+,2023-07-20,4.0,False,False,False,False,13.73,604.12,-9.879999999999995,Temporada baja,Larga (15+n)
Casa VIP Medellín 4 - Private Room,2023-10-19,2023-11-09,2023-09-15,20.43,429.0,439.0,USD,Airbnb,Booked,21,34,HMNTTA9K24,839e14b6-b389-4dba-b8e4-bf203f7687b6,839e14b6-b389-4dba-b8e4-bf203f7687b6,Hospitable,1,Medellín,Off,2023,10,2023-10,Mensual 15-30,2023-07-24,53.0,False,False,True,True,22.7,476.7,37.69999999999999,Temporada baja,Larga (15+n)
Casa VIP Medellín 4 - Private Room,2023-12-16,2024-01-16,2023-11-15,18.26,566.0,576.0,USD,Airbnb,Booked,31,31,HMPZT2BBWA,839e14b6-b389-4dba-b8e4-bf203f7687b6,839e14b6-b389-4dba-b8e4-bf203f7687b6,Hospitable,1,Medellín,Off,2023,12,2023-12,Larga 31+,2023-09-15,61.0,False,False,True,True,20.28888888888889,628.9555555555556,52.955555555555634,Navidad/Año Nuevo,Larga (15+n)
Casa VIP Medellín 4 - Private Room,2023-12-02,2023-12-16,2023-11-16,22.9,320.6,330.6,USD,Airbnb,Booked,14,16,HM5AYE4S5E,839e14b6-b389-4dba-b8e4-bf203f7687b6,839e14b6-b389-4dba-b8e4-bf203f7687b6,Hospitable,1,Medellín,Off,2023,12,2023-12,Quincenal 8-14,2023-11-15,1.0,False,False,False,False,22.9,320.59999999999997,-10.000000000000057,Navidad/Año Nuevo,Media (8-14n)
Casa VIP Medellín 4 - Private Room,2024-01-31,2024-04-10,2024-01-10,14.44,1010.5,1020.5,USD,Airbnb,Booked,70,21,HMCBXNB9AD,839e14b6-b389-4dba-b8e4-bf203f7687b6,839e14b6-b389-4dba-b8e4-bf203f7687b6,Hospitable,1,Medellín,Off,2024,1,2024-01,Larga 31+,2023-11-16,55.0,False,False,True,True,16.044444444444444,1123.111111111111,102.61111111111109,Navidad/Año Nuevo,Larga (15+n)
Casa VIP Medellín 4 - Private Room,2024-04-11,2024-04-30,2024-03-31,18.05,343.0,353.0,USD,Airbnb,Booked,19,11,HMHARSPARX,839e14b6-b389-4dba-b8e4-bf203f7687b6,839e14b6-b389-4dba-b8e4-bf203f7687b6,Hospitable,1,Medellín,Off,2024,4,2024-04,Mensual 15-30,2024-01-10,81.0,True,False,True,True,25.78571428571429,489.9285714285715,136.9285714285715,Semana Santa,Larga (15+n)
Casa VIP Medellín 4 - Private Room,2024-05-02,2024-07-15,2024-04-27,13.37,989.5,999.5,USD,Airbnb,Booked,74,5,HMDCBK2YT8,839e14b6-b389-4dba-b8e4-bf203f7687b6,839e14b6-b389-4dba-b8e4-bf203f7687b6,Hospitable,1,Medellín,Off,2024,5,2024-05,Larga 31+,2024-03-31,27.0,True,False,False,True,19.1,1413.4,413.9000000000001,Temporada baja,Larga (15+n)
Casa VIP Medellín 4 - Private Room,2024-07-18,2024-08-15,2024-07-18,13.63,381.5,391.5,USD,Airbnb,Booked,28,0,HMC94SZM98,839e14b6-b389-4dba-b8e4-bf203f7687b6,839e14b6-b389-4dba-b8e4-bf203f7687b6,Hospitable,1,Medellín,Off,2024,7,2024-07,Mensual 15-30,2024-04-27,82.0,True,False,True,True,19.471428571428575,545.2,153.70000000000005,Vacaciones Jun-Jul,Larga (15+n)
Casa VIP Medellín 4 - Private Room,2024-08-21,2024-10-10,2024-08-13,13.53,676.5,686.5,USD,Airbnb,Booked,50,8,HM3WMFA9K9,839e14b6-b389-4dba-b8e4-bf203f7687b6,839e14b6-b389-4dba-b8e4-bf203f7687b6,Hospitable,1,Medellín,Off,2024,8,2024-08,Larga 31+,2024-07-18,26.0,True,False,False,True,19.32857142857143,966.4285714285714,279.92857142857144,Temporada baja,Larga (15+n)
Casa VIP Medellín 4 - Private Room,2024-10-13,2025-01-31,2024-10-13,12.38,1361.5,1371.5,USD,Airbnb,Booked,110,0,HM2AX8PZ8J,839e14b6-b389-4dba-b8e4-bf203f7687b6,839e14b6-b389-4dba-b8e4-bf203f7687b6,Hospitable,1,Medellín,Off,2024,10,2024-10,Larga 31+,2024-08-13,61.0,True,False,True,True,17.685714285714287,1945.4285714285716,573.9285714285716,Temporada baja,Larga (15+n)
Casa VIP Medellín 4 - Private Room,2025-02-08,2025-02-17,2025-02-08,19.55,175.95,185.95,USD,Airbnb,Booked,9,0,HMKBW3AFM3,839e14b6-b389-4dba-b8e4-bf203f7687b6,839e14b6-b389-4dba-b8e4-bf203f7687b6,Hospitable,1,Medellín,Off,2025,2,2025-02,Quincenal 8-14,2024-10-13,118.0,True,True,True,True,27.92857142857143,251.3571428571429,65.4071428571429,Temporada baja,Media (8-14n)
Casa VIP Medellín 4 - Private Room,2025-02-23,2025-03-13,2025-02-15,18.32,329.7,339.7,USD,Airbnb,Booked,18,8,HMEDHHHSC9,839e14b6-b389-4dba-b8e4-bf203f7687b6,839e14b6-b389-4dba-b8e4-bf203f7687b6,Hospitable,1,Medellín,Off,2025,2,2025-02,Mensual 15-30,2025-02-08,7.0,True,False,False,True,26.171428571428574,471.08571428571435,131.38571428571436,Temporada baja,Larga (15+n)
Casa VIP Medellín 4 - Private Room,2025-02-17,2025-02-22,2025-02-16,25.6,128.0,138.0,USD,Airbnb,Booked,5,1,HMQHXR9CRQ,839e14b6-b389-4dba-b8e4-bf203f7687b6,839e14b6-b389-4dba-b8e4-bf203f7687b6,Hospitable,1,Medellín,Off,2025,2,2025-02,Media 4-7,2025-02-15,1.0,True,True,False,True,36.57142857142858,182.8571428571429,44.85714285714289,Temporada baja,Corta (1-7n)
Casa VIP Medellín 4 - Private Room,2025-03-18,2025-03-27,2025-03-17,20.21,181.9,191.9,USD,Airbnb,Booked,9,1,HMRZHXW323,839e14b6-b389-4dba-b8e4-bf203f7687b6,839e14b6-b389-4dba-b8e4-bf203f7687b6,Hospitable,1,Medellín,Off,2025,3,2025-03,Quincenal 8-14,2025-02-16,29.0,True,True,False,True,28.871428571428574,259.84285714285716,67.94285714285715,Semana Santa,Media (8-14n)
Casa VIP Medellín 4 - Private Room,2025-03-28,2025-04-11,2025-03-28,14.55,203.7,213.7,USD,Airbnb,Booked,14,0,HMHXQAMXCJ,839e14b6-b389-4dba-b8e4-bf203f7687b6,839e14b6-b389-4dba-b8e4-bf203f7687b6,Hospitable,1,Medellín,Off,2025,3,2025-03,Quincenal 8-14,2025-03-17,11.0,True,False,False,True,20.78571428571429,291.00000000000006,77.30000000000007,Semana Santa,Media (8-14n)
Casa VIP Medellín 4 - Private Room,2025-04-12,2025-04-16,2025-04-11,21.0,84.0,94.0,USD,Airbnb,Booked,4,1,HMZWY4XFJT,839e14b6-b389-4dba-b8e4-bf203f7687b6,839e14b6-b389-4dba-b8e4-bf203f7687b6,Hospitable,1,Medellín,Off,2025,4,2025-04,Media 4-7,2025-03-28,14.0,True,True,False,True,30.000000000000004,120.00000000000001,26.000000000000014,Semana Santa,Corta (1-7n)
Casa VIP Medellín 4 - Private Room,2025-04-17,2025-04-21,2025-04-16,19.75,79.0,89.0,USD,Airbnb,Booked,4,1,HMAABAWZAA,839e14b6-b389-4dba-b8e4-bf203f7687b6,839e14b6-b389-4dba-b8e4-bf203f7687b6,Hospitable,1,Medellín,Off,2025,4,2025-04,Media 4-7,2025-04-11,5.0,True,True,False,True,28.214285714285715,112.85714285714286,23.85714285714286,Semana Santa,Corta (1-7n)
Casa VIP Medellín 4 - Private Room,2025-04-22,2025-05-06,2025-04-19,16.45,230.3,240.3,USD,Airbnb,Booked,14,3,HM3K4RDSDN,839e14b6-b389-4dba-b8e4-bf203f7687b6,839e14b6-b389-4dba-b8e4-bf203f7687b6,Hospitable,1,Medellín,Off,2025,4,2025-04,Quincenal 8-14,2025-04-16,3.0,True,False,False,True,23.5,329.0,88.69999999999999,Semana Santa,Media (8-14n)
Casa VIP Medellín 4 - Private Room,2025-05-07,2025-05-16,2025-05-06,16.91,152.15,162.15,USD,Airbnb,Booked,9,1,HMTBPRAZMW,839e14b6-b389-4dba-b8e4-bf203f7687b6,839e14b6-b389-4dba-b8e4-bf203f7687b6,Hospitable,1,Medellín,Off,2025,5,2025-05,Quincenal 8-14,2025-04-19,17.0,True,True,False,True,24.15714285714286,217.4142857142857,55.264285714285705,Temporada baja,Media (8-14n)
Casa VIP Medellín 4 - Private Room,2025-05-16,2025-05-30,2025-05-14,15.3,214.2,224.2,USD,Airbnb,Booked,14,2,HMN9KPR448,839e14b6-b389-4dba-b8e4-bf203f7687b6,839e14b6-b389-4dba-b8e4-bf203f7687b6,Hospitable,1,Medellín,Off,2025,5,2025-05,Quincenal 8-14,2025-05-06,8.0,True,False,False,True,21.85714285714286,306.00000000000006,81.80000000000007,Temporada baja,Media (8-14n)
Casa VIP Medellín 4 - Private Room,2025-05-30,2025-06-06,2025-05-27,17.36,121.55,131.55,USD,Airbnb,Booked,7,3,HMJJNJ3MX8,839e14b6-b389-4dba-b8e4-bf203f7687b6,839e14b6-b389-4dba-b8e4-bf203f7687b6,Hospitable,1,Medellín,Off,2025,5,2025-05,Media 4-7,2025-05-14,13.0,True,True,False,True,24.8,173.6,42.04999999999998,Temporada baja,Corta (1-7n)
Casa VIP Medellín 4 - Private Room,2025-06-06,2025-06-20,2025-06-04,14.3,200.2,210.2,USD,Airbnb,Booked,14,2,HMDRBZKYXT,839e14b6-b389-4dba-b8e4-bf203f7687b6,839e14b6-b389-4dba-b8e4-bf203f7687b6,Hospitable,1,Medellín,Off,2025,6,2025-06,Quincenal 8-14,2025-05-27,8.0,True,False,False,True,20.42857142857143,286.0,75.80000000000001,Vacaciones Jun-Jul,Media (8-14n)
Casa VIP Medellín 4 - Private Room,2025-06-22,2025-06-29,2025-06-22,19.06,133.45,143.45,USD,Airbnb,Booked,7,0,HMETTYP5AE,839e14b6-b389-4dba-b8e4-bf203f7687b6,839e14b6-b389-4dba-b8e4-bf203f7687b6,Hospitable,1,Medellín,Off,2025,6,2025-06,Media 4-7,2025-06-04,18.0,True,True,False,True,27.228571428571428,190.6,47.150000000000006,Vacaciones Jun-Jul,Corta (1-7n)
OASIS 201 - Balcony | Tub | 500M,2023-08-26,2023-09-08,2023-08-26,46.75,607.75,627.75,USD,Airbnb,Booked,13,0,HMWTAKKSEW,9fa010e4-9b94-4b9b-b6de-1792596bb063,9fa010e4-9b94-4b9b-b6de-1792596bb063,Hospitable,1,Medellín,On,2023,8,2023-08,Quincenal 8-14,,,True,False,False,True,66.78571428571429,868.2142857142858,240.46428571428578,Temporada baja,Media (8-14n)
OASIS 201 - Balcony | Tub | 500M,2023-09-12,2023-09-25,2023-09-10,49.43,642.6,667.6,USD,Airbnb,Booked,13,2,HM38N5YBDE,9fa010e4-9b94-4b9b-b6de-1792596bb063,9fa010e4-9b94-4b9b-b6de-1792596bb063,Hospitable,1,Medellín,On,2023,9,2023-09,Quincenal 8-14,2023-08-26,15.0,True,False,False,True,70.61428571428571,917.9857142857143,250.38571428571424,Temporada baja,Media (8-14n)
OASIS 201 - Balcony | Tub | 500M,2023-10-01,2023-11-11,2023-09-25,46.65,1912.8,1937.8,USD,Airbnb,Booked,41,6,HM8C8KH4WZ,9fa010e4-9b94-4b9b-b6de-1792596bb063,9fa010e4-9b94-4b9b-b6de-1792596bb063,Hospitable,1,Medellín,On,2023,10,2023-10,Larga 31+,2023-09-10,15.0,True,False,False,True,66.64285714285714,2732.3571428571427,794.5571428571427,Temporada baja,Larga (15+n)
OASIS 201 - Balcony | Tub | 500M,2024-03-16,2024-04-20,2024-03-01,41.81,1463.4,1488.4,USD,Airbnb,Booked,35,15,HM5TXFE58B,9fa010e4-9b94-4b9b-b6de-1792596bb063,9fa010e4-9b94-4b9b-b6de-1792596bb063,Hospitable,1,Medellín,On,2024,3,2024-03,Larga 31+,2023-09-25,158.0,True,False,True,True,59.728571428571435,2090.5,602.0999999999999,Semana Santa,Larga (15+n)
OASIS 201 - Balcony | Tub | 500M,2024-05-07,2024-05-28,2024-04-09,49.9,1047.9,1072.9,USD,Airbnb,Booked,21,28,HMZNHNYFCB,9fa010e4-9b94-4b9b-b6de-1792596bb063,9fa010e4-9b94-4b9b-b6de-1792596bb063,Hospitable,1,Medellín,On,2024,5,2024-05,Mensual 15-30,2024-03-01,39.0,False,False,True,True,55.44444444444444,1164.3333333333333,91.43333333333317,Temporada baja,Larga (15+n)
OASIS 201 - Balcony | Tub | 500M,2024-05-30,2024-07-01,2024-05-26,41.81,1338.0,1363.0,USD,Airbnb,Booked,32,4,HM9TX9KWCX,9fa010e4-9b94-4b9b-b6de-1792596bb063,9fa010e4-9b94-4b9b-b6de-1792596bb063,Hospitable,1,Medellín,On,2024,5,2024-05,Larga 31+,2024-04-09,47.0,True,False,True,True,59.728571428571435,1911.314285714286,548.3142857142859,Temporada baja,Larga (15+n)
OASIS 201 - Balcony | Tub | 500M,2024-07-06,2024-07-15,2024-06-28,65.3,587.7,612.7,USD,Airbnb,Booked,9,8,HMBA93KE94,9fa010e4-9b94-4b9b-b6de-1792596bb063,9fa010e4-9b94-4b9b-b6de-1792596bb063,Hospitable,1,Medellín,On,2024,7,2024-07,Quincenal 8-14,2024-05-26,33.0,True,True,True,True,93.28571428571429,839.5714285714287,226.87142857142862,Vacaciones Jun-Jul,Media (8-14n)
OASIS 201 - Balcony | Tub | 500M,2024-07-23,2024-08-19,2024-07-10,52.03,1404.9,1429.9,USD,Airbnb,Booked,27,13,HMW8399KA3,9fa010e4-9b94-4b9b-b6de-1792596bb063,9fa010e4-9b94-4b9b-b6de-1792596bb063,Hospitable,1,Medellín,On,2024,7,2024-07,Mensual 15-30,2024-06-28,12.0,True,False,False,True,74.32857142857144,2006.8714285714289,576.9714285714288,Vacaciones Jun-Jul,Larga (15+n)
OASIS 201 - Balcony | Tub | 500M,2024-09-25,2024-10-19,2024-09-10,45.91,1101.8,1126.8,USD,Airbnb,Booked,24,15,HMZDARP9AK,9fa010e4-9b94-4b9b-b6de-1792596bb063,9fa010e4-9b94-4b9b-b6de-1792596bb063,Hospitable,1,Medellín,On,2024,9,2024-09,Mensual 15-30,2024-07-10,62.0,True,False,True,True,65.58571428571429,1574.057142857143,447.257142857143,Temporada baja,Larga (15+n)
OASIS 201 - Balcony | Tub | 500M,2024-10-22,2024-11-23,2024-10-20,37.52,1200.6,1225.6,USD,Airbnb,Booked,32,2,HMNARJ2EAF,9fa010e4-9b94-4b9b-b6de-1792596bb063,9fa010e4-9b94-4b9b-b6de-1792596bb063,Hospitable,1,Medellín,On,2024,10,2024-10,Larga 31+,2024-09-10,40.0,True,False,True,True,53.60000000000001,1715.2000000000003,489.60000000000036,Temporada baja,Larga (15+n)
OASIS 201 - Balcony | Tub | 500M,2024-12-01,2024-12-12,2024-11-25,69.63,765.9,790.9,USD,Airbnb,Booked,11,6,HMBB3AYFQ3,9fa010e4-9b94-4b9b-b6de-1792596bb063,9fa010e4-9b94-4b9b-b6de-1792596bb063,Hospitable,1,Medellín,On,2024,12,2024-12,Quincenal 8-14,2024-10-20,36.0,True,False,True,True,99.47142857142858,1094.1857142857143,303.28571428571433,Navidad/Año Nuevo,Media (8-14n)
OASIS 201 - Balcony | Tub | 500M,2024-12-18,2025-01-05,2024-12-13,58.58,1054.4,1079.4,USD,Airbnb,Booked,18,5,HMWDH9TT3X,9fa010e4-9b94-4b9b-b6de-1792596bb063,9fa010e4-9b94-4b9b-b6de-1792596bb063,Hospitable,1,Medellín,On,2024,12,2024-12,Mensual 15-30,2024-11-25,18.0,True,False,False,True,83.68571428571428,1506.3428571428572,426.94285714285706,Navidad/Año Nuevo,Larga (15+n)
OASIS 201 - Balcony | Tub | 500M,2025-01-12,2025-02-03,2024-12-29,51.35,1129.8,1154.8,USD,Airbnb,Booked,22,14,HMDQXKCX3J,9fa010e4-9b94-4b9b-b6de-1792596bb063,9fa010e4-9b94-4b9b-b6de-1792596bb063,Hospitable,1,Medellín,On,2025,1,2025-01,Mensual 15-30,2024-12-13,16.0,True,False,False,True,73.35714285714286,1613.857142857143,459.05714285714294,Navidad/Año Nuevo,Larga (15+n)
OASIS 201 - Balcony | Tub | 500M,2025-02-05,2025-03-05,2025-01-12,46.07,1290.0,1315.0,USD,Airbnb,Booked,28,24,HMMBW9HTPP,9fa010e4-9b94-4b9b-b6de-1792596bb063,9fa010e4-9b94-4b9b-b6de-1792596bb063,Hospitable,1,Medellín,On,2025,2,2025-02,Mensual 15-30,2024-12-29,14.0,False,False,False,False,46.07,1289.96,-25.039999999999964,Temporada baja,Larga (15+n)
OASIS 201 - Balcony | Tub | 500M,2025-04-06,2025-04-23,2025-03-30,52.47,892.0,917.0,USD,Airbnb,Booked,17,7,HMM9XAZJ9Y,9fa010e4-9b94-4b9b-b6de-1792596bb063,9fa010e4-9b94-4b9b-b6de-1792596bb063,Hospitable,1,Medellín,On,2025,4,2025-04,Mensual 15-30,2025-01-12,77.0,True,False,True,True,74.95714285714286,1274.2714285714285,357.2714285714285,Semana Santa,Larga (15+n)
OASIS 201 - Balcony | Tub | 500M,2025-04-28,2025-05-28,2025-04-26,38.46,1153.8,1178.8,USD,Airbnb,Booked,30,2,HM8NQ4ETAF,9fa010e4-9b94-4b9b-b6de-1792596bb063,9fa010e4-9b94-4b9b-b6de-1792596bb063,Hospitable,1,Medellín,On,2025,4,2025-04,Mensual 15-30,2025-03-30,27.0,True,False,False,True,54.94285714285715,1648.2857142857144,469.4857142857145,Semana Santa,Larga (15+n)
OASIS 201 - Balcony | Tub | 500M,2025-06-16,2025-07-16,2025-05-22,41.82,1254.6,1279.6,USD,Airbnb,Booked,30,25,HMY2A3QKCW,9fa010e4-9b94-4b9b-b6de-1792596bb063,9fa010e4-9b94-4b9b-b6de-1792596bb063,Hospitable,1,Medellín,On,2025,6,2025-06,Mensual 15-30,2025-04-26,26.0,False,False,False,False,41.82,1254.6,-25.0,Vacaciones Jun-Jul,Larga (15+n)
OASIS 201 - Balcony | Tub | 500M,2025-07-18,2025-09-03,2025-07-08,44.89,2110.0,2135.0,USD,Airbnb,Booked,47,10,HM4NZFDZE5,9fa010e4-9b94-4b9b-b6de-1792596bb063,9fa010e4-9b94-4b9b-b6de-1792596bb063,Hospitable,1,Medellín,On,2025,7,2025-07,Larga 31+,2025-05-22,47.0,True,False,True,True,64.12857142857143,3014.0428571428574,879.0428571428574,Vacaciones Jun-Jul,Larga (15+n)
OASIS 201 - Balcony | Tub | 500M,2025-09-13,2025-10-06,2025-08-17,42.33,973.7,998.7,USD,Airbnb,Booked,23,27,HMJRNEWAQE,9fa010e4-9b94-4b9b-b6de-1792596bb063,9fa010e4-9b94-4b9b-b6de-1792596bb063,Hospitable,1,Medellín,On,2025,9,2025-09,Mensual 15-30,2025-07-08,40.0,False,False,True,True,47.03333333333333,1081.7666666666667,83.0666666666666,Temporada baja,Larga (15+n)
OASIS 201 - Balcony | Tub | 500M,2025-10-14,2025-10-31,2025-10-12,41.6,707.2,732.2,USD,Airbnb,Booked,17,2,HMPPM8WY3Z,9fa010e4-9b94-4b9b-b6de-1792596bb063,9fa010e4-9b94-4b9b-b6de-1792596bb063,Hospitable,1,Medellín,On,2025,10,2025-10,Mensual 15-30,2025-08-17,56.0,True,False,True,True,59.42857142857144,1010.2857142857144,278.0857142857144,Temporada baja,Larga (15+n)
OASIS 201 - Balcony | Tub | 500M,2025-11-04,2025-11-27,2025-10-29,43.52,1001.0,1026.0,USD,Airbnb,Booked,23,6,HMFAFZABKW,9fa010e4-9b94-4b9b-b6de-1792596bb063,9fa010e4-9b94-4b9b-b6de-1792596bb063,Hospitable,1,Medellín,On,2025,11,2025-11,Mensual 15-30,2025-10-12,17.0,True,False,False,True,62.17142857142858,1429.9428571428573,403.9428571428573,Temporada baja,Larga (15+n)
OASIS 201 - Balcony | Tub | 500M,2025-11-29,2025-12-18,2025-11-26,55.03,1045.6,1070.6,USD,Airbnb,Booked,19,3,HM53F2YKWE,9fa010e4-9b94-4b9b-b6de-1792596bb063,9fa010e4-9b94-4b9b-b6de-1792596bb063,Hospitable,1,Medellín,On,2025,11,2025-11,Mensual 15-30,2025-10-29,28.0,True,False,False,True,78.61428571428571,1493.6714285714286,423.07142857142867,Temporada baja,Larga (15+n)
OASIS 201 - Balcony | Tub | 500M,2025-12-27,2026-01-26,2025-12-10,51.8,1554.0,1579.0,USD,Airbnb,Booked,30,17,HMP4K42CNQ,9fa010e4-9b94-4b9b-b6de-1792596bb063,9fa010e4-9b94-4b9b-b6de-1792596bb063,Hospitable,1,Medellín,On,2025,12,2025-12,Mensual 15-30,2025-11-26,14.0,False,False,False,False,51.8,1554.0,-25.0,Navidad/Año Nuevo,Larga (15+n)
OASIS 201 - Balcony | Tub | 500M,2026-01-28,2026-02-03,2026-01-24,125.33,752.0,777.0,USD,Airbnb,Booked,6,4,HMY4NXN35D,9fa010e4-9b94-4b9b-b6de-1792596bb063,9fa010e4-9b94-4b9b-b6de-1792596bb063,Hospitable,1,Medellín,On,2026,1,2026-01,Media 4-7,2025-12-10,45.0,True,True,True,True,179.04285714285714,1074.2571428571428,297.25714285714275,Navidad/Año Nuevo,Corta (1-7n)
OASIS 201 - Balcony | Tub | 500M,2026-02-13,2026-03-13,2026-02-08,40.93,1146.0,1171.0,USD,Airbnb,Booked,28,5,HM3TZSSJMJ,9fa010e4-9b94-4b9b-b6de-1792596bb063,9fa010e4-9b94-4b9b-b6de-1792596bb063,Hospitable,1,Medellín,On,2026,2,2026-02,Mensual 15-30,2026-01-24,15.0,True,False,False,True,58.471428571428575,1637.2,466.20000000000005,Temporada baja,Larga (15+n)
OASIS 201 - Balcony | Tub | 500M,2026-03-15,2026-04-19,2026-03-06,41.66,1458.0,1483.0,USD,Airbnb,Booked,35,9,HMXFHBC5C4,9fa010e4-9b94-4b9b-b6de-1792596bb063,9fa010e4-9b94-4b9b-b6de-1792596bb063,Hospitable,1,Medellín,On,2026,3,2026-03,Larga 31+,2026-02-08,26.0,True,False,False,True,59.51428571428571,2083.0,600.0,Semana Santa,Larga (15+n)
Casa VIP Medellín 5 - Private Room + Bathroom,2023-05-01,2023-06-30,2023-04-23,13.72,823.0,833.0,USD,Airbnb,Booked,60,8,HM5E2KWXSW,adc37858-a5d4-4f6b-85fd-fbd1f55445d0,adc37858-a5d4-4f6b-85fd-fbd1f55445d0,Hospitable,1,Medellín,Off,2023,5,2023-05,Larga 31+,,,True,False,False,True,19.6,1176.0,343.0,Temporada baja,Larga (15+n)
Casa VIP Medellín 5 - Private Room + Bathroom,2023-07-18,2023-08-01,2023-07-13,18.95,265.3,275.3,USD,Airbnb,Booked,14,5,HMF2J4RXEE,adc37858-a5d4-4f6b-85fd-fbd1f55445d0,adc37858-a5d4-4f6b-85fd-fbd1f55445d0,Hospitable,1,Medellín,Off,2023,7,2023-07,Quincenal 8-14,2023-04-23,81.0,True,False,True,True,27.071428571428573,379.0,103.69999999999999,Vacaciones Jun-Jul,Media (8-14n)
Casa VIP Medellín 5 - Private Room + Bathroom,2023-08-07,2023-09-04,2023-07-23,13.68,383.0,393.0,USD,Airbnb,Booked,28,15,HMZXDNMP5Q,adc37858-a5d4-4f6b-85fd-fbd1f55445d0,adc37858-a5d4-4f6b-85fd-fbd1f55445d0,Hospitable,1,Medellín,Off,2023,8,2023-08,Mensual 15-30,2023-07-13,10.0,True,False,False,True,19.542857142857144,547.2,154.20000000000005,Temporada baja,Larga (15+n)
Casa VIP Medellín 5 - Private Room + Bathroom,2023-09-11,2023-10-11,2023-08-23,13.32,399.5,409.5,USD,Airbnb,Booked,30,19,HM9YXHQWJN,adc37858-a5d4-4f6b-85fd-fbd1f55445d0,adc37858-a5d4-4f6b-85fd-fbd1f55445d0,Hospitable,1,Medellín,Off,2023,9,2023-09,Mensual 15-30,2023-07-23,31.0,False,False,True,True,14.8,444.0,34.5,Temporada baja,Larga (15+n)
Casa VIP Medellín 5 - Private Room + Bathroom,2023-12-20,2023-12-31,2023-12-11,28.59,314.5,324.5,USD,Airbnb,Booked,11,9,HMETK3MKCD,adc37858-a5d4-4f6b-85fd-fbd1f55445d0,adc37858-a5d4-4f6b-85fd-fbd1f55445d0,Hospitable,1,Medellín,Off,2023,12,2023-12,Quincenal 8-14,2023-08-23,110.0,True,False,True,True,40.84285714285715,449.27142857142866,124.77142857142866,Navidad/Año Nuevo,Media (8-14n)
Casa VIP Medellín 5 - Private Room + Bathroom,2024-01-10,2024-02-06,2024-01-04,16.62,448.8,458.8,USD,Airbnb,Booked,27,6,HMJDDPBYSP,adc37858-a5d4-4f6b-85fd-fbd1f55445d0,adc37858-a5d4-4f6b-85fd-fbd1f55445d0,Hospitable,1,Medellín,Off,2024,1,2024-01,Mensual 15-30,2023-12-11,24.0,True,False,False,True,23.742857142857147,641.0571428571429,182.25714285714292,Navidad/Año Nuevo,Larga (15+n)
Casa VIP Medellín 5 - Private Room + Bathroom,2024-03-05,2024-03-13,2024-03-01,18.06,144.5,154.5,USD,Airbnb,Booked,8,4,HMNNQXEWCY,adc37858-a5d4-4f6b-85fd-fbd1f55445d0,adc37858-a5d4-4f6b-85fd-fbd1f55445d0,Hospitable,1,Medellín,Off,2024,3,2024-03,Quincenal 8-14,2024-01-04,57.0,True,True,True,True,25.8,206.4,51.900000000000006,Semana Santa,Media (8-14n)
Casa VIP Medellín 5 - Private Room + Bathroom,2024-03-14,2024-04-11,2024-03-12,11.07,310.0,320.0,USD,Airbnb,Booked,28,2,HM5WX3QPXD,adc37858-a5d4-4f6b-85fd-fbd1f55445d0,adc37858-a5d4-4f6b-85fd-fbd1f55445d0,Hospitable,1,Medellín,Off,2024,3,2024-03,Mensual 15-30,2024-03-01,11.0,True,False,False,True,15.814285714285715,442.8,122.80000000000001,Semana Santa,Larga (15+n)
Casa VIP Medellín 5 - Private Room + Bathroom,2024-04-17,2024-04-30,2024-04-08,20.86,271.15,281.15,USD,Airbnb,Booked,13,9,HMTN983JST,adc37858-a5d4-4f6b-85fd-fbd1f55445d0,adc37858-a5d4-4f6b-85fd-fbd1f55445d0,Hospitable,1,Medellín,Off,2024,4,2024-04,Quincenal 8-14,2024-03-12,27.0,True,False,False,True,29.8,387.40000000000003,106.25000000000006,Semana Santa,Media (8-14n)
Casa VIP Medellín 5 - Private Room + Bathroom,2024-05-01,2024-05-30,2024-04-25,12.69,368.0,378.0,USD,Airbnb,Booked,29,6,HMWZP3HKDT,adc37858-a5d4-4f6b-85fd-fbd1f55445d0,adc37858-a5d4-4f6b-85fd-fbd1f55445d0,Hospitable,1,Medellín,Off,2024,5,2024-05,Mensual 15-30,2024-04-08,17.0,True,False,False,True,18.12857142857143,525.7285714285715,147.7285714285715,Temporada baja,Larga (15+n)
Casa VIP Medellín 5 - Private Room + Bathroom,2024-07-20,2024-09-06,2024-07-20,11.83,568.0,578.0,USD,Airbnb,Booked,48,0,HMWYR28EHD,adc37858-a5d4-4f6b-85fd-fbd1f55445d0,adc37858-a5d4-4f6b-85fd-fbd1f55445d0,Hospitable,1,Medellín,Off,2024,7,2024-07,Larga 31+,2024-04-25,86.0,True,False,True,True,16.900000000000002,811.2,233.20000000000005,Vacaciones Jun-Jul,Larga (15+n)
Casa VIP Medellín 5 - Private Room + Bathroom,2024-09-23,2024-11-05,2024-09-19,12.91,555.0,565.0,USD,Airbnb,Booked,43,4,HMT8E4KQCZ,adc37858-a5d4-4f6b-85fd-fbd1f55445d0,adc37858-a5d4-4f6b-85fd-fbd1f55445d0,Hospitable,1,Medellín,Off,2024,9,2024-09,Larga 31+,2024-07-20,61.0,True,False,True,True,18.442857142857143,793.0428571428572,228.0428571428572,Temporada baja,Larga (15+n)
Casa VIP Medellín 5 - Private Room + Bathroom,2024-11-24,2024-12-17,2024-11-21,24.17,556.0,566.0,USD,Airbnb,Booked,23,3,HMFEY3AADJ,adc37858-a5d4-4f6b-85fd-fbd1f55445d0,adc37858-a5d4-4f6b-85fd-fbd1f55445d0,Hospitable,1,Medellín,Off,2024,11,2024-11,Mensual 15-30,2024-09-19,63.0,True,False,True,True,34.52857142857143,794.157142857143,228.15714285714296,Temporada baja,Larga (15+n)
Casa VIP Medellín 5 - Private Room + Bathroom,2025-01-23,2025-02-20,2025-01-14,15.07,422.0,432.0,USD,Airbnb,Booked,28,9,HMA3XH3JCH,adc37858-a5d4-4f6b-85fd-fbd1f55445d0,adc37858-a5d4-4f6b-85fd-fbd1f55445d0,Hospitable,1,Medellín,Off,2025,1,2025-01,Mensual 15-30,2024-11-21,54.0,True,False,True,True,21.528571428571432,602.8000000000001,170.80000000000007,Navidad/Año Nuevo,Larga (15+n)
Casa VIP Medellín 5 - Private Room + Bathroom,2025-02-23,2025-03-02,2025-02-23,19.31,135.15,145.15,USD,Airbnb,Booked,7,0,HMREHXJ8TS,adc37858-a5d4-4f6b-85fd-fbd1f55445d0,adc37858-a5d4-4f6b-85fd-fbd1f55445d0,Hospitable,1,Medellín,Off,2025,2,2025-02,Media 4-7,2025-01-14,40.0,True,True,True,True,27.585714285714285,193.1,47.94999999999999,Temporada baja,Corta (1-7n)
Casa VIP Medellín 5 - Private Room + Bathroom,2025-03-28,2025-04-11,2025-03-27,15.4,215.6,225.6,USD,Airbnb,Booked,14,1,HM89ZRTY5B,adc37858-a5d4-4f6b-85fd-fbd1f55445d0,adc37858-a5d4-4f6b-85fd-fbd1f55445d0,Hospitable,1,Medellín,Off,2025,3,2025-03,Quincenal 8-14,2025-02-23,32.0,True,False,True,True,22.000000000000004,308.00000000000006,82.40000000000006,Semana Santa,Media (8-14n)
Casa VIP Medellín 5 - Private Room + Bathroom,2025-04-11,2025-06-11,2025-04-11,13.14,801.5,811.5,USD,Airbnb,Booked,61,0,HM4PTAKZKR,adc37858-a5d4-4f6b-85fd-fbd1f55445d0,adc37858-a5d4-4f6b-85fd-fbd1f55445d0,Hospitable,1,Medellín,Off,2025,4,2025-04,Larga 31+,2025-03-27,15.0,True,False,False,True,18.771428571428572,1145.057142857143,333.55714285714294,Semana Santa,Larga (15+n)
Casa VIP Medellín 5 - Private Room + Bathroom,2025-06-24,2025-07-01,2025-06-24,19.14,134.0,144.0,USD,Airbnb,Booked,7,0,HM5F4C3KCJ,adc37858-a5d4-4f6b-85fd-fbd1f55445d0,adc37858-a5d4-4f6b-85fd-fbd1f55445d0,Hospitable,1,Medellín,Off,2025,6,2025-06,Media 4-7,2025-04-11,74.0,True,True,True,True,27.342857142857145,191.4,47.400000000000006,Vacaciones Jun-Jul,Corta (1-7n)
OASIS PH - Hot Tub | 2 Terraces,2023-11-17,2023-12-01,2023-11-14,108.29,1516.0,1566.0,USD,Airbnb,Booked,14,3,HM3HMY9ZMR,f4eb04a3-fd3c-447f-8a01-31e260bbb89b,f4eb04a3-fd3c-447f-8a01-31e260bbb89b,Hospitable,2,Medellín,On,2023,11,2023-11,Quincenal 8-14,,,True,False,False,True,154.70000000000002,2165.8,599.8000000000002,Temporada baja,Media (8-14n)
OASIS PH - Hot Tub | 2 Terraces,2023-12-05,2023-12-22,2023-12-01,107.34,1824.75,1874.75,USD,Airbnb,Booked,17,4,HMNEMBX2E9,f4eb04a3-fd3c-447f-8a01-31e260bbb89b,f4eb04a3-fd3c-447f-8a01-31e260bbb89b,Hospitable,2,Medellín,On,2023,12,2023-12,Mensual 15-30,2023-11-14,17.0,True,False,False,True,153.34285714285716,2606.8285714285716,732.0785714285716,Navidad/Año Nuevo,Larga (15+n)
OASIS PH - Hot Tub | 2 Terraces,2024-01-08,2024-02-22,2023-12-05,77.11,3470.0,3470.0,USD,Airbnb,Booked,45,34,HM94CPWZ52,f4eb04a3-fd3c-447f-8a01-31e260bbb89b,f4eb04a3-fd3c-447f-8a01-31e260bbb89b,Hospitable,2,Medellín,On,2024,1,2024-01,Larga 31+,2023-12-01,4.0,False,False,False,False,77.11,3469.95,-0.0500000000001819,Navidad/Año Nuevo,Larga (15+n)
OASIS PH - Hot Tub | 2 Terraces,2024-03-30,2024-05-12,2024-01-13,76.06,3270.5,3320.5,USD,Airbnb,Booked,43,77,HMYA8QNQZQ,f4eb04a3-fd3c-447f-8a01-31e260bbb89b,f4eb04a3-fd3c-447f-8a01-31e260bbb89b,Hospitable,2,Medellín,On,2024,3,2024-03,Larga 31+,2023-12-05,39.0,False,False,True,True,84.5111111111111,3633.9777777777776,313.47777777777765,Semana Santa,Larga (15+n)
OASIS PH - Hot Tub | 2 Terraces,2024-03-01,2024-03-17,2024-02-12,112.17,1794.75,1844.75,USD,Airbnb,Booked,16,18,HMZ4SHQBF4,f4eb04a3-fd3c-447f-8a01-31e260bbb89b,f4eb04a3-fd3c-447f-8a01-31e260bbb89b,Hospitable,2,Medellín,On,2024,3,2024-03,Mensual 15-30,2024-01-13,30.0,False,False,True,True,124.63333333333333,1994.1333333333332,149.3833333333332,Semana Santa,Larga (15+n)
OASIS PH - Hot Tub | 2 Terraces,2024-08-17,2024-09-18,2024-03-16,91.7,2934.5,2984.5,USD,Airbnb,Booked,32,154,HMCZTRM9RJ,f4eb04a3-fd3c-447f-8a01-31e260bbb89b,f4eb04a3-fd3c-447f-8a01-31e260bbb89b,Hospitable,2,Medellín,On,2024,8,2024-08,Larga 31+,2024-02-12,33.0,False,False,True,True,101.88888888888889,3260.4444444444443,275.94444444444434,Temporada baja,Larga (15+n)
OASIS PH - Hot Tub | 2 Terraces,2024-05-31,2024-07-18,2024-03-31,85.22,4090.5,4140.5,USD,Airbnb,Booked,48,61,HMA53522FM,f4eb04a3-fd3c-447f-8a01-31e260bbb89b,f4eb04a3-fd3c-447f-8a01-31e260bbb89b,Hospitable,2,Medellín,On,2024,5,2024-05,Larga 31+,2024-03-16,15.0,False,False,False,False,85.22,4090.56,-49.940000000000055,Temporada baja,Larga (15+n)
OASIS PH - Hot Tub | 2 Terraces,2024-05-20,2024-05-27,2024-05-13,101.44,710.1,760.1,USD,Airbnb,Booked,7,7,HMS5CEJW8S,f4eb04a3-fd3c-447f-8a01-31e260bbb89b,f4eb04a3-fd3c-447f-8a01-31e260bbb89b,Hospitable,2,Medellín,On,2024,5,2024-05,Media 4-7,2024-03-31,43.0,True,True,True,True,144.9142857142857,1014.4,254.29999999999995,Temporada baja,Corta (1-7n)
OASIS PH - Hot Tub | 2 Terraces,2024-07-21,2024-07-29,2024-07-20,104.63,837.0,887.0,USD,Airbnb,Booked,8,1,HM3BNJWF5E,f4eb04a3-fd3c-447f-8a01-31e260bbb89b,f4eb04a3-fd3c-447f-8a01-31e260bbb89b,Hospitable,2,Medellín,On,2024,7,2024-07,Quincenal 8-14,2024-05-13,68.0,True,True,True,True,149.47142857142856,1195.7714285714285,308.7714285714285,Vacaciones Jun-Jul,Media (8-14n)
OASIS PH - Hot Tub | 2 Terraces,2024-08-03,2024-08-05,2024-07-28,148.5,297.0,347.0,USD,Airbnb,Booked,2,6,HMHFFNRBK9,f4eb04a3-fd3c-447f-8a01-31e260bbb89b,f4eb04a3-fd3c-447f-8a01-31e260bbb89b,Hospitable,2,Medellín,On,2024,8,2024-08,Corta 1-3,2024-07-20,8.0,True,True,False,True,212.14285714285717,424.28571428571433,77.28571428571433,Temporada baja,Corta (1-7n)
OASIS PH - Hot Tub | 2 Terraces,2024-10-11,2024-11-09,2024-08-25,81.79,2372.0,2422.0,USD,Airbnb,Booked,29,47,HM4MHY95NC,f4eb04a3-fd3c-447f-8a01-31e260bbb89b,f4eb04a3-fd3c-447f-8a01-31e260bbb89b,Hospitable,2,Medellín,On,2024,10,2024-10,Mensual 15-30,2024-07-28,28.0,False,False,False,False,81.79,2371.9100000000003,-50.08999999999969,Temporada baja,Larga (15+n)
OASIS PH - Hot Tub | 2 Terraces,2024-09-24,2024-10-09,2024-09-14,101.95,1529.25,1579.25,USD,Airbnb,Booked,15,10,HME23JQ3AE,f4eb04a3-fd3c-447f-8a01-31e260bbb89b,f4eb04a3-fd3c-447f-8a01-31e260bbb89b,Hospitable,2,Medellín,On,2024,9,2024-09,Mensual 15-30,2024-08-25,20.0,True,False,False,True,145.64285714285717,2184.6428571428573,605.3928571428573,Temporada baja,Larga (15+n)
OASIS PH - Hot Tub | 2 Terraces,2024-11-16,2024-11-30,2024-11-09,103.98,1455.75,1505.75,USD,Airbnb,Booked,14,7,HMNYHB9CXY,f4eb04a3-fd3c-447f-8a01-31e260bbb89b,f4eb04a3-fd3c-447f-8a01-31e260bbb89b,Hospitable,2,Medellín,On,2024,11,2024-11,Quincenal 8-14,2024-09-14,56.0,True,False,True,True,148.54285714285714,2079.6,573.8499999999999,Temporada baja,Media (8-14n)
OASIS PH - Hot Tub | 2 Terraces,2024-12-04,2025-01-09,2024-11-17,95.26,3429.5,3479.5,USD,Airbnb,Booked,36,17,HMKH2Y2STA,f4eb04a3-fd3c-447f-8a01-31e260bbb89b,f4eb04a3-fd3c-447f-8a01-31e260bbb89b,Hospitable,2,Medellín,On,2024,12,2024-12,Larga 31+,2024-11-09,8.0,False,False,False,False,95.26,3429.36,-50.13999999999987,Navidad/Año Nuevo,Larga (15+n)
OASIS PH - Hot Tub | 2 Terraces,2025-01-11,2025-02-08,2024-12-13,89.02,2492.5,2542.5,USD,Airbnb,Booked,28,29,HMM2PF4JW5,f4eb04a3-fd3c-447f-8a01-31e260bbb89b,f4eb04a3-fd3c-447f-8a01-31e260bbb89b,Hospitable,2,Medellín,On,2025,1,2025-01,Mensual 15-30,2024-11-17,26.0,False,False,False,False,89.02,2492.56,-49.940000000000055,Navidad/Año Nuevo,Larga (15+n)
OASIS PH - Hot Tub | 2 Terraces,2025-03-19,2025-04-23,2025-01-02,88.77,3107.0,3157.0,USD,Airbnb,Booked,35,76,HMB85S22HW,f4eb04a3-fd3c-447f-8a01-31e260bbb89b,f4eb04a3-fd3c-447f-8a01-31e260bbb89b,Hospitable,2,Medellín,On,2025,3,2025-03,Larga 31+,2024-12-13,20.0,False,False,False,False,88.77,3106.95,-50.05000000000018,Semana Santa,Larga (15+n)
OASIS PH - Hot Tub | 2 Terraces,2025-02-11,2025-03-11,2025-01-07,83.52,2338.5,2388.5,USD,Airbnb,Booked,28,35,HMHHPFHCYD,f4eb04a3-fd3c-447f-8a01-31e260bbb89b,f4eb04a3-fd3c-447f-8a01-31e260bbb89b,Hospitable,2,Medellín,On,2025,2,2025-02,Mensual 15-30,2025-01-02,5.0,False,False,False,False,83.52,2338.56,-49.940000000000055,Temporada baja,Larga (15+n)
OASIS PH - Hot Tub | 2 Terraces,2025-03-13,2025-03-17,2025-02-26,129.0,516.0,566.0,USD,Airbnb,Booked,4,15,HM2SDBNEWK,f4eb04a3-fd3c-447f-8a01-31e260bbb89b,f4eb04a3-fd3c-447f-8a01-31e260bbb89b,Hospitable,2,Medellín,On,2025,3,2025-03,Media 4-7,2025-01-07,50.0,True,True,True,True,184.2857142857143,737.1428571428572,171.14285714285722,Semana Santa,Corta (1-7n)
OASIS PH - Hot Tub | 2 Terraces,2025-07-08,2025-08-12,2025-03-13,108.77,3807.0,3857.0,USD,Airbnb,Booked,35,117,HMFRRBC8AM,f4eb04a3-fd3c-447f-8a01-31e260bbb89b,f4eb04a3-fd3c-447f-8a01-31e260bbb89b,Hospitable,2,Medellín,On,2025,7,2025-07,Larga 31+,2025-02-26,15.0,False,False,False,False,108.77,3806.95,-50.05000000000018,Vacaciones Jun-Jul,Larga (15+n)
OASIS PH - Hot Tub | 2 Terraces,2025-04-30,2025-05-28,2025-03-27,77.36,2166.0,2216.0,USD,Airbnb,Booked,28,34,HMN8FK3SZ3,f4eb04a3-fd3c-447f-8a01-31e260bbb89b,f4eb04a3-fd3c-447f-8a01-31e260bbb89b,Hospitable,2,Medellín,On,2025,4,2025-04,Mensual 15-30,2025-03-13,14.0,False,False,False,False,77.36,2166.08,-49.92000000000007,Semana Santa,Larga (15+n)
OASIS PH - Hot Tub | 2 Terraces,2025-06-01,2025-07-06,2025-04-08,82.71,2895.0,2945.0,USD,Airbnb,Booked,35,54,HME3D3Z8C4,f4eb04a3-fd3c-447f-8a01-31e260bbb89b,f4eb04a3-fd3c-447f-8a01-31e260bbb89b,Hospitable,2,Medellín,On,2025,6,2025-06,Larga 31+,2025-03-27,12.0,False,False,False,False,82.71,2894.85,-50.15000000000009,Vacaciones Jun-Jul,Larga (15+n)
OASIS PH - Hot Tub | 2 Terraces,2025-08-16,2025-09-13,2025-07-17,75.3,2108.5,2158.5,USD,Airbnb,Booked,28,30,HM9JSXEAWF,f4eb04a3-fd3c-447f-8a01-31e260bbb89b,f4eb04a3-fd3c-447f-8a01-31e260bbb89b,Hospitable,2,Medellín,On,2025,8,2025-08,Mensual 15-30,2025-04-08,100.0,False,False,True,True,83.66666666666666,2342.6666666666665,184.16666666666652,Temporada baja,Larga (15+n)
OASIS PH - Hot Tub | 2 Terraces,2025-09-20,2025-10-18,2025-08-13,68.8,1926.5,1976.5,USD,Airbnb,Booked,28,38,HMEHYQMFEQ,f4eb04a3-fd3c-447f-8a01-31e260bbb89b,f4eb04a3-fd3c-447f-8a01-31e260bbb89b,Hospitable,2,Medellín,On,2025,9,2025-09,Mensual 15-30,2025-07-17,27.0,False,False,False,False,68.8,1926.3999999999999,-50.100000000000136,Temporada baja,Larga (15+n)
OASIS PH - Hot Tub | 2 Terraces,2025-12-12,2026-01-13,2025-08-23,132.23,4231.5,4281.5,USD,Airbnb,Booked,32,111,HMJ2CDAH9Q,f4eb04a3-fd3c-447f-8a01-31e260bbb89b,f4eb04a3-fd3c-447f-8a01-31e260bbb89b,Hospitable,2,Medellín,On,2025,12,2025-12,Larga 31+,2025-08-13,10.0,False,False,False,False,132.23,4231.36,-50.14000000000033,Navidad/Año Nuevo,Larga (15+n)
OASIS PH - Hot Tub | 2 Terraces,2025-10-25,2025-11-23,2025-09-17,78.78,2284.5,2334.5,USD,Airbnb,Booked,29,38,HMHF3PAQ9H,f4eb04a3-fd3c-447f-8a01-31e260bbb89b,f4eb04a3-fd3c-447f-8a01-31e260bbb89b,Hospitable,2,Medellín,On,2025,10,2025-10,Mensual 15-30,2025-08-23,25.0,False,False,False,False,78.78,2284.62,-49.88000000000011,Temporada baja,Larga (15+n)
OASIS PH - Hot Tub | 2 Terraces,2025-11-29,2025-12-06,2025-11-25,112.89,790.2,840.2,USD,Airbnb,Booked,7,4,HMB9ZYX2JS,f4eb04a3-fd3c-447f-8a01-31e260bbb89b,f4eb04a3-fd3c-447f-8a01-31e260bbb89b,Hospitable,2,Medellín,On,2025,11,2025-11,Media 4-7,2025-09-17,69.0,True,True,True,True,161.27142857142857,1128.9,288.70000000000005,Temporada baja,Corta (1-7n)
OASIS PH - Hot Tub | 2 Terraces,2026-01-15,2026-01-25,2026-01-06,156.6,1566.0,1616.0,USD,Airbnb,Booked,10,9,HMZM35DH9P,f4eb04a3-fd3c-447f-8a01-31e260bbb89b,f4eb04a3-fd3c-447f-8a01-31e260bbb89b,Hospitable,2,Medellín,On,2026,1,2026-01,Quincenal 8-14,2025-11-25,42.0,True,False,True,True,223.71428571428572,2237.1428571428573,621.1428571428573,Navidad/Año Nuevo,Media (8-14n)
OASIS PH - Hot Tub | 2 Terraces,2026-02-01,2026-02-08,2026-01-07,83.57,585.0,635.0,USD,Airbnb,Booked,7,25,HMQRCRF5FW,f4eb04a3-fd3c-447f-8a01-31e260bbb89b,f4eb04a3-fd3c-447f-8a01-31e260bbb89b,Hospitable,2,Medellín,On,2026,2,2026-02,Media 4-7,2026-01-06,1.0,False,True,False,True,104.46249999999999,731.2375,96.23749999999995,Temporada baja,Corta (1-7n)
OASIS PH - Hot Tub | 2 Terraces,2026-03-12,2026-04-23,2026-02-08,79.52,3340.0,3390.0,USD,Airbnb,Booked,42,32,HMWZCA2PAM,f4eb04a3-fd3c-447f-8a01-31e260bbb89b,f4eb04a3-fd3c-447f-8a01-31e260bbb89b,Hospitable,2,Medellín,On,2026,3,2026-03,Larga 31+,2026-01-07,32.0,False,False,True,True,88.35555555555555,3710.9333333333334,320.9333333333334,Semana Santa,Larga (15+n)
OASIS PH - Hot Tub | 2 Terraces,2026-02-10,2026-03-10,2026-02-08,70.52,1974.5,2024.5,USD,Airbnb,Booked,28,2,HMBCR3NB92,f4eb04a3-fd3c-447f-8a01-31e260bbb89b,f4eb04a3-fd3c-447f-8a01-31e260bbb89b,Hospitable,2,Medellín,On,2026,2,2026-02,Mensual 15-30,2026-02-08,0.0,True,False,False,True,100.74285714285715,2820.8,796.3000000000002,Temporada baja,Larga (15+n)
OASIS PH - Hot Tub | 2 Terraces,2026-05-16,2026-06-16,2026-03-19,77.81,2412.0,2462.0,USD,Airbnb,Booked,31,58,HMJMQFWCJK,f4eb04a3-fd3c-447f-8a01-31e260bbb89b,f4eb04a3-fd3c-447f-8a01-31e260bbb89b,Hospitable,2,Medellín,On,2026,5,2026-05,Larga 31+,2026-02-08,39.0,False,False,True,True,86.45555555555556,2680.1222222222223,218.12222222222226,Temporada baja,Larga (15+n)
OASIS PH - Hot Tub | 2 Terraces,2026-04-25,2026-05-09,2026-04-07,103.39,1447.5,1497.5,USD,Airbnb,Booked,14,18,HMKHPNNMJD,f4eb04a3-fd3c-447f-8a01-31e260bbb89b,f4eb04a3-fd3c-447f-8a01-31e260bbb89b,Hospitable,2,Medellín,On,2026,4,2026-04,Quincenal 8-14,2026-03-19,19.0,False,False,False,False,103.39,1447.46,-50.039999999999964,Semana Santa,Media (8-14n)
