Listing Name,Check-in Date,Check-out Date,Booked Date,Average Daily Rate,Rental Revenue,Total Revenue,Currency,Booking Source,Booking Status,Length of Stay (Days),Booking Window (Days),Reservation ID,Listing ID,Unit ID,PMS,Property Name,BR Count,Group,Sub-Group,Tags,City,Sync Price
OASIS PH - Hot Tub | 2 Terraces,25 abr 2026,09 may 2026,07 abr 2026,$ 103.39,"$ 1,447.50","$ 1,497.50",USD,Airbnb,Booked,14,18,HMKHPNNMJD,f4eb04a3-fd3c-447f-8a01-31e260bbb89b,f4eb04a3-fd3c-447f-8a01-31e260bbb89b,Hospitable,,2,NA,NA,,Medellín,On
OASIS PH - Hot Tub | 2 Terraces,16 may 2026,16 jun 2026,19 mar 2026,$ 77.81,"$ 2,412.00","$ 2,462.00",USD,Airbnb,Booked,31,58,HMJMQFWCJK,f4eb04a3-fd3c-447f-8a01-31e260bbb89b,f4eb04a3-fd3c-447f-8a01-31e260bbb89b,Hospitable,,2,NA,NA,,Medellín,On
OASIS 201 - Balcony | Tub | 500M,15 mar 2026,19 abr 2026,06 mar 2026,$ 41.66,"$ 1,458.00","$ 1,483.00",USD,Airbnb,Booked,35,9,HMXFHBC5C4,9fa010e4-9b94-4b9b-b6de-1792596bb063,9fa010e4-9b94-4b9b-b6de-1792596bb063,Hospitable,,1,NA,NA,,Medellín,On
OASIS 201 - Balcony | Tub | 500M,13 feb 2026,13 mar 2026,08 feb 2026,$ 40.93,"$ 1,146.00","$ 1,171.00",USD,Airbnb,Booked,28,5,HM3TZSSJMJ,9fa010e4-9b94-4b9b-b6de-1792596bb063,9fa010e4-9b94-4b9b-b6de-1792596bb063,Hospitable,,1,NA,NA,,Medellín,On
OASIS PH - Hot Tub | 2 Terraces,12 mar 2026,23 abr 2026,08 feb 2026,$ 79.52,"$ 3,340.00","$ 3,390.00",USD,Airbnb,Booked,42,32,HMWZCA2PAM,f4eb04a3-fd3c-447f-8a01-31e260bbb89b,f4eb04a3-fd3c-447f-8a01-31e260bbb89b,Hospitable,,2,NA,NA,,Medellín,On
OASIS PH - Hot Tub | 2 Terraces,10 feb 2026,10 mar 2026,08 feb 2026,$ 70.52,"$ 1,974.50","$ 2,024.50",USD,Airbnb,Booked,28,2,HMBCR3NB92,f4eb04a3-fd3c-447f-8a01-31e260bbb89b,f4eb04a3-fd3c-447f-8a01-31e260bbb89b,Hospitable,,2,NA,NA,,Medellín,On
OASIS 201 - Balcony | Tub | 500M,28 ene 2026,03 feb 2026,24 ene 2026,$ 125.33,$ 752.00,$ 777.00,USD,Airbnb,Booked,6,4,HMY4NXN35D,9fa010e4-9b94-4b9b-b6de-1792596bb063,9fa010e4-9b94-4b9b-b6de-1792596bb063,Hospitable,,1,NA,NA,,Medellín,On
OASIS PH - Hot Tub | 2 Terraces,01 feb 2026,08 feb 2026,07 ene 2026,$ 83.57,$ 585.00,$ 635.00,USD,Airbnb,Booked,7,25,HMQRCRF5FW,f4eb04a3-fd3c-447f-8a01-31e260bbb89b,f4eb04a3-fd3c-447f-8a01-31e260bbb89b,Hospitable,,2,NA,NA,,Medellín,On
OASIS PH - Hot Tub | 2 Terraces,15 ene 2026,25 ene 2026,06 ene 2026,$ 156.60,"$ 1,566.00","$ 1,616.00",USD,Airbnb,Booked,10,9,HMZM35DH9P,f4eb04a3-fd3c-447f-8a01-31e260bbb89b,f4eb04a3-fd3c-447f-8a01-31e260bbb89b,Hospitable,,2,NA,NA,,Medellín,On
OASIS 201 - Balcony | Tub | 500M,27 dic 2025,26 ene 2026,10 dic 2025,$ 51.80,"$ 1,554.00","$ 1,579.00",USD,Airbnb,Booked,30,17,HMP4K42CNQ,9fa010e4-9b94-4b9b-b6de-1792596bb063,9fa010e4-9b94-4b9b-b6de-1792596bb063,Hospitable,,1,NA,NA,,Medellín,On
OASIS 201 - Balcony | Tub | 500M,29 nov 2025,18 dic 2025,26 nov 2025,$ 55.03,"$ 1,045.60","$ 1,070.60",USD,Airbnb,Booked,19,3,HM53F2YKWE,9fa010e4-9b94-4b9b-b6de-1792596bb063,9fa010e4-9b94-4b9b-b6de-1792596bb063,Hospitable,,1,NA,NA,,Medellín,On
OASIS PH - Hot Tub | 2 Terraces,29 nov 2025,06 dic 2025,25 nov 2025,$ 112.89,$ 790.20,$ 840.20,USD,Airbnb,Booked,7,4,HMB9ZYX2JS,f4eb04a3-fd3c-447f-8a01-31e260bbb89b,f4eb04a3-fd3c-447f-8a01-31e260bbb89b,Hospitable,,2,NA,NA,,Medellín,On
OASIS 201 - Balcony | Tub | 500M,04 nov 2025,27 nov 2025,29 oct 2025,$ 43.52,"$ 1,001.00","$ 1,026.00",USD,Airbnb,Booked,23,6,HMFAFZABKW,9fa010e4-9b94-4b9b-b6de-1792596bb063,9fa010e4-9b94-4b9b-b6de-1792596bb063,Hospitable,,1,NA,NA,,Medellín,On
OASIS 201 - Balcony | Tub | 500M,14 oct 2025,31 oct 2025,12 oct 2025,$ 41.60,$ 707.20,$ 732.20,USD,Airbnb,Booked,17,2,HMPPM8WY3Z,9fa010e4-9b94-4b9b-b6de-1792596bb063,9fa010e4-9b94-4b9b-b6de-1792596bb063,Hospitable,,1,NA,NA,,Medellín,On
OASIS PH - Hot Tub | 2 Terraces,25 oct 2025,23 nov 2025,17 sep 2025,$ 78.78,"$ 2,284.50","$ 2,334.50",USD,Airbnb,Booked,29,38,HMHF3PAQ9H,f4eb04a3-fd3c-447f-8a01-31e260bbb89b,f4eb04a3-fd3c-447f-8a01-31e260bbb89b,Hospitable,,2,NA,NA,,Medellín,On
OASIS PH - Hot Tub | 2 Terraces,12 dic 2025,13 ene 2026,23 ago 2025,$ 132.23,"$ 4,231.50","$ 4,281.50",USD,Airbnb,Booked,32,111,HMJ2CDAH9Q,f4eb04a3-fd3c-447f-8a01-31e260bbb89b,f4eb04a3-fd3c-447f-8a01-31e260bbb89b,Hospitable,,2,NA,NA,,Medellín,On
OASIS 201 - Balcony | Tub | 500M,13 sep 2025,06 oct 2025,17 ago 2025,$ 42.33,$ 973.70,$ 998.70,USD,Airbnb,Booked,23,27,HMJRNEWAQE,9fa010e4-9b94-4b9b-b6de-1792596bb063,9fa010e4-9b94-4b9b-b6de-1792596bb063,Hospitable,,1,NA,NA,,Medellín,On
OASIS PH - Hot Tub | 2 Terraces,20 sep 2025,18 oct 2025,13 ago 2025,$ 68.80,"$ 1,926.50","$ 1,976.50",USD,Airbnb,Booked,28,38,HMEHYQMFEQ,f4eb04a3-fd3c-447f-8a01-31e260bbb89b,f4eb04a3-fd3c-447f-8a01-31e260bbb89b,Hospitable,,2,NA,NA,,Medellín,On
OASIS PH - Hot Tub | 2 Terraces,16 ago 2025,13 sep 2025,17 jul 2025,$ 75.30,"$ 2,108.50","$ 2,158.50",USD,Airbnb,Booked,28,30,HM9JSXEAWF,f4eb04a3-fd3c-447f-8a01-31e260bbb89b,f4eb04a3-fd3c-447f-8a01-31e260bbb89b,Hospitable,,2,NA,NA,,Medellín,On
OASIS 201 - Balcony | Tub | 500M,18 jul 2025,03 sep 2025,08 jul 2025,$ 44.89,"$ 2,110.00","$ 2,135.00",USD,Airbnb,Booked,47,10,HM4NZFDZE5,9fa010e4-9b94-4b9b-b6de-1792596bb063,9fa010e4-9b94-4b9b-b6de-1792596bb063,Hospitable,,1,NA,NA,,Medellín,On
Casa VIP Medellín 3 - Private Room,27 jun 2025,30 jun 2025,27 jun 2025,$ 22.67,$ 68.00,$ 78.00,USD,Airbnb,Booked,3,0,HMYZA2SKTY,561cb290-e338-4065-a524-dc4ad75d0d69,561cb290-e338-4065-a524-dc4ad75d0d69,Hospitable,,1,NA,NA,,Medellín,Off
Casa VIP Medellín 5 - Private Room + Bathroom,24 jun 2025,01 jul 2025,24 jun 2025,$ 19.14,$ 134.00,$ 144.00,USD,Airbnb,Booked,7,0,HM5F4C3KCJ,adc37858-a5d4-4f6b-85fd-fbd1f55445d0,adc37858-a5d4-4f6b-85fd-fbd1f55445d0,Hospitable,,1,NA,NA,,Medellín,Off
Casa VIP Medellín 4 - Private Room,22 jun 2025,29 jun 2025,22 jun 2025,$ 19.06,$ 133.45,$ 143.45,USD,Airbnb,Booked,7,0,HMETTYP5AE,839e14b6-b389-4dba-b8e4-bf203f7687b6,839e14b6-b389-4dba-b8e4-bf203f7687b6,Hospitable,,1,NA,NA,,Medellín,Off
Casa VIP Medellín 3 - Private Room,18 jun 2025,27 jun 2025,18 jun 2025,$ 17.66,$ 158.95,$ 168.95,USD,Airbnb,Booked,9,0,HMEJ5TCRSZ,561cb290-e338-4065-a524-dc4ad75d0d69,561cb290-e338-4065-a524-dc4ad75d0d69,Hospitable,,1,NA,NA,,Medellín,Off
Casa VIP Medellín 2 - Private Room,18 jun 2025,30 jun 2025,16 jun 2025,$ 19.97,$ 239.70,$ 249.70,USD,Airbnb,Booked,12,2,HM2TCFJX8T,5b3be724-13b4-4256-b706-f463679b25ae,5b3be724-13b4-4256-b706-f463679b25ae,Hospitable,,1,NA,NA,,Medellín,Off
Casa VIP Medellín 1 - Private Room + Bathroom,10 jun 2025,28 jun 2025,09 jun 2025,$ 16.50,$ 297.00,$ 307.00,USD,Airbnb,Booked,18,1,HMXJ5ZHWNZ,81289b93-6954-4545-863d-a3f9e23b96cd,81289b93-6954-4545-863d-a3f9e23b96cd,Hospitable,,1,NA,NA,,Medellín,Off
Casa VIP Medellín 4 - Private Room,06 jun 2025,20 jun 2025,04 jun 2025,$ 14.30,$ 200.20,$ 210.20,USD,Airbnb,Booked,14,2,HMDRBZKYXT,839e14b6-b389-4dba-b8e4-bf203f7687b6,839e14b6-b389-4dba-b8e4-bf203f7687b6,Hospitable,,1,NA,NA,,Medellín,Off
Casa VIP Medellín 3 - Private Room,01 jun 2025,15 jun 2025,01 jun 2025,$ 14.00,$ 196.00,$ 206.00,USD,Airbnb,Booked,14,0,HMKJRBYQBK,561cb290-e338-4065-a524-dc4ad75d0d69,561cb290-e338-4065-a524-dc4ad75d0d69,Hospitable,,1,NA,NA,,Medellín,Off
Casa VIP Medellín 2 - Private Room,31 may 2025,15 jun 2025,30 may 2025,$ 15.73,$ 236.00,$ 246.00,USD,Airbnb,Booked,15,1,HMX8TDEY4E,5b3be724-13b4-4256-b706-f463679b25ae,5b3be724-13b4-4256-b706-f463679b25ae,Hospitable,,1,NA,NA,,Medellín,Off
Casa VIP Medellín 4 - Private Room,30 may 2025,06 jun 2025,27 may 2025,$ 17.36,$ 121.55,$ 131.55,USD,Airbnb,Booked,7,3,HMJJNJ3MX8,839e14b6-b389-4dba-b8e4-bf203f7687b6,839e14b6-b389-4dba-b8e4-bf203f7687b6,Hospitable,,1,NA,NA,,Medellín,Off
Casa VIP Medellín 2 - Private Room,23 may 2025,25 may 2025,23 may 2025,$ 18.00,$ 36.00,$ 46.00,USD,Airbnb,Booked,2,0,HM5X4HE43C,5b3be724-13b4-4256-b706-f463679b25ae,5b3be724-13b4-4256-b706-f463679b25ae,Hospitable,,1,NA,NA,,Medellín,Off
OASIS 201 - Balcony | Tub | 500M,16 jun 2025,16 jul 2025,22 may 2025,$ 41.82,"$ 1,254.60","$ 1,279.60",USD,Airbnb,Booked,30,25,HMY2A3QKCW,9fa010e4-9b94-4b9b-b6de-1792596bb063,9fa010e4-9b94-4b9b-b6de-1792596bb063,Hospitable,,1,NA,NA,,Medellín,On
Casa VIP Medellín 2 - Private Room,18 may 2025,23 may 2025,16 may 2025,$ 20.20,$ 101.00,$ 111.00,USD,Airbnb,Booked,5,2,HMJ3PX4P8R,5b3be724-13b4-4256-b706-f463679b25ae,5b3be724-13b4-4256-b706-f463679b25ae,Hospitable,,1,NA,NA,,Medellín,Off
Casa VIP Medellín 4 - Private Room,16 may 2025,30 may 2025,14 may 2025,$ 15.30,$ 214.20,$ 224.20,USD,Airbnb,Booked,14,2,HMN9KPR448,839e14b6-b389-4dba-b8e4-bf203f7687b6,839e14b6-b389-4dba-b8e4-bf203f7687b6,Hospitable,,1,NA,NA,,Medellín,Off
Casa VIP Medellín 2 - Private Room,12 may 2025,16 may 2025,11 may 2025,$ 19.00,$ 76.00,$ 86.00,USD,Airbnb,Booked,4,1,HMPBC39FD5,5b3be724-13b4-4256-b706-f463679b25ae,5b3be724-13b4-4256-b706-f463679b25ae,Hospitable,,1,NA,NA,,Medellín,Off
Casa VIP Medellín 1 - Private Room + Bathroom,20 may 2025,04 jun 2025,09 may 2025,$ 16.94,$ 254.10,$ 264.10,USD,Airbnb,Booked,15,11,HMWD2FDD8W,81289b93-6954-4545-863d-a3f9e23b96cd,81289b93-6954-4545-863d-a3f9e23b96cd,Hospitable,,1,NA,NA,,Medellín,Off
Casa VIP Medellín 4 - Private Room,07 may 2025,16 may 2025,06 may 2025,$ 16.91,$ 152.15,$ 162.15,USD,Airbnb,Booked,9,1,HMTBPRAZMW,839e14b6-b389-4dba-b8e4-bf203f7687b6,839e14b6-b389-4dba-b8e4-bf203f7687b6,Hospitable,,1,NA,NA,,Medellín,Off
Casa VIP Medellín 3 - Private Room,02 may 2025,23 may 2025,02 may 2025,$ 12.86,$ 270.00,$ 280.00,USD,Airbnb,Booked,21,0,HMJC49RKQW,561cb290-e338-4065-a524-dc4ad75d0d69,561cb290-e338-4065-a524-dc4ad75d0d69,Hospitable,,1,NA,NA,,Medellín,Off
Casa VIP Medellín 6 - Private Room + Bathroom,01 may 2025,09 may 2025,30 abr 2025,$ 17.43,$ 139.40,$ 149.40,USD,Airbnb,Booked,8,1,HMKFWCYNJ8,04d23bd1-f965-4e4d-b06e-41d58980ff78,04d23bd1-f965-4e4d-b06e-41d58980ff78,Hospitable,,1,NA,NA,,Medellín,Off
OASIS 201 - Balcony | Tub | 500M,28 abr 2025,28 may 2025,26 abr 2025,$ 38.46,"$ 1,153.80","$ 1,178.80",USD,Airbnb,Booked,30,2,HM8NQ4ETAF,9fa010e4-9b94-4b9b-b6de-1792596bb063,9fa010e4-9b94-4b9b-b6de-1792596bb063,Hospitable,,1,NA,NA,,Medellín,On
Casa VIP Medellín 3 - Private Room,24 abr 2025,28 abr 2025,25 abr 2025,$ 18.75,$ 75.00,$ 85.00,USD,Airbnb,Booked,4,-1,HMCCSJH5HZ,561cb290-e338-4065-a524-dc4ad75d0d69,561cb290-e338-4065-a524-dc4ad75d0d69,Hospitable,,1,NA,NA,,Medellín,Off
Casa VIP Medellín 6 - Private Room + Bathroom,12 may 2025,02 jun 2025,21 abr 2025,$ 11.00,$ 231.00,$ 241.00,USD,Airbnb,Booked,21,21,HMYST5NWBH,04d23bd1-f965-4e4d-b06e-41d58980ff78,04d23bd1-f965-4e4d-b06e-41d58980ff78,Hospitable,,1,NA,NA,,Medellín,Off
Casa VIP Medellín 4 - Private Room,22 abr 2025,06 may 2025,19 abr 2025,$ 16.45,$ 230.30,$ 240.30,USD,Airbnb,Booked,14,3,HM3K4RDSDN,839e14b6-b389-4dba-b8e4-bf203f7687b6,839e14b6-b389-4dba-b8e4-bf203f7687b6,Hospitable,,1,NA,NA,,Medellín,Off
Casa VIP Medellín 2 - Private Room,21 abr 2025,05 may 2025,18 abr 2025,$ 16.25,$ 227.50,$ 237.50,USD,Airbnb,Booked,14,3,HMR5MFBEZE,5b3be724-13b4-4256-b706-f463679b25ae,5b3be724-13b4-4256-b706-f463679b25ae,Hospitable,,1,NA,NA,,Medellín,Off
Casa VIP Medellín 3 - Private Room,18 abr 2025,22 abr 2025,16 abr 2025,$ 19.00,$ 76.00,$ 86.00,USD,Airbnb,Booked,4,2,HMN4K8XSH9,561cb290-e338-4065-a524-dc4ad75d0d69,561cb290-e338-4065-a524-dc4ad75d0d69,Hospitable,,1,NA,NA,,Medellín,Off
Casa VIP Medellín 4 - Private Room,17 abr 2025,21 abr 2025,16 abr 2025,$ 19.75,$ 79.00,$ 89.00,USD,Airbnb,Booked,4,1,HMAABAWZAA,839e14b6-b389-4dba-b8e4-bf203f7687b6,839e14b6-b389-4dba-b8e4-bf203f7687b6,Hospitable,,1,NA,NA,,Medellín,Off
Casa VIP Medellín 6 - Private Room + Bathroom,15 abr 2025,29 abr 2025,15 abr 2025,$ 15.70,$ 219.80,$ 229.80,USD,Airbnb,Booked,14,0,HMBNTERQ4P,04d23bd1-f965-4e4d-b06e-41d58980ff78,04d23bd1-f965-4e4d-b06e-41d58980ff78,Hospitable,,1,NA,NA,,Medellín,Off
Casa VIP Medellín 1 - Private Room + Bathroom,21 abr 2025,19 may 2025,15 abr 2025,$ 15.75,$ 441.00,$ 451.00,USD,Airbnb,Booked,28,6,HM35YYYNE8,81289b93-6954-4545-863d-a3f9e23b96cd,81289b93-6954-4545-863d-a3f9e23b96cd,Hospitable,,1,NA,NA,,Medellín,Off
Casa VIP Medellín 2 - Private Room,14 abr 2025,19 abr 2025,13 abr 2025,$ 20.20,$ 101.00,$ 111.00,USD,Airbnb,Booked,5,1,HMEEQNAS9T,5b3be724-13b4-4256-b706-f463679b25ae,5b3be724-13b4-4256-b706-f463679b25ae,Hospitable,,1,NA,NA,,Medellín,Off
Casa VIP Medellín 1 - Private Room + Bathroom,13 abr 2025,20 abr 2025,13 abr 2025,$ 19.55,$ 136.85,$ 146.85,USD,Airbnb,Booked,7,0,HM9DB4YNP4,81289b93-6954-4545-863d-a3f9e23b96cd,81289b93-6954-4545-863d-a3f9e23b96cd,Hospitable,,1,NA,NA,,Medellín,Off
Casa VIP Medellín 3 - Private Room,11 abr 2025,18 abr 2025,11 abr 2025,$ 19.67,$ 137.70,$ 147.70,USD,Airbnb,Booked,7,0,HMK3NDHP8A,561cb290-e338-4065-a524-dc4ad75d0d69,561cb290-e338-4065-a524-dc4ad75d0d69,Hospitable,,1,NA,NA,,Medellín,Off
Casa VIP Medellín 5 - Private Room + Bathroom,11 abr 2025,11 jun 2025,11 abr 2025,$ 13.14,$ 801.50,$ 811.50,USD,Airbnb,Booked,61,0,HM4PTAKZKR,adc37858-a5d4-4f6b-85fd-fbd1f55445d0,adc37858-a5d4-4f6b-85fd-fbd1f55445d0,Hospitable,,1,NA,NA,,Medellín,Off
Casa VIP Medellín 4 - Private Room,12 abr 2025,16 abr 2025,11 abr 2025,$ 21.00,$ 84.00,$ 94.00,USD,Airbnb,Booked,4,1,HMZWY4XFJT,839e14b6-b389-4dba-b8e4-bf203f7687b6,839e14b6-b389-4dba-b8e4-bf203f7687b6,Hospitable,,1,NA,NA,,Medellín,Off
OASIS PH - Hot Tub | 2 Terraces,01 jun 2025,06 jul 2025,08 abr 2025,$ 82.71,"$ 2,895.00","$ 2,945.00",USD,Airbnb,Booked,35,54,HME3D3Z8C4,f4eb04a3-fd3c-447f-8a01-31e260bbb89b,f4eb04a3-fd3c-447f-8a01-31e260bbb89b,Hospitable,,2,NA,NA,,Medellín,On
Casa VIP Medellín 2 - Private Room,07 abr 2025,14 abr 2025,06 abr 2025,$ 17.97,$ 125.80,$ 135.80,USD,Airbnb,Booked,7,1,HM8HQZJ4CA,5b3be724-13b4-4256-b706-f463679b25ae,5b3be724-13b4-4256-b706-f463679b25ae,Hospitable,,1,NA,NA,,Medellín,Off
Casa VIP Medellín 3 - Private Room,04 abr 2025,11 abr 2025,04 abr 2025,$ 16.88,$ 118.15,$ 128.15,USD,Airbnb,Booked,7,0,HMMTXT4EWT,561cb290-e338-4065-a524-dc4ad75d0d69,561cb290-e338-4065-a524-dc4ad75d0d69,Hospitable,,1,NA,NA,,Medellín,Off
Casa VIP Medellín 2 - Private Room,02 abr 2025,06 abr 2025,03 abr 2025,$ 18.25,$ 73.00,$ 83.00,USD,Airbnb,Booked,4,-1,HMDN82NSQ4,5b3be724-13b4-4256-b706-f463679b25ae,5b3be724-13b4-4256-b706-f463679b25ae,Hospitable,,1,NA,NA,,Medellín,Off
OASIS 201 - Balcony | Tub | 500M,06 abr 2025,23 abr 2025,30 mar 2025,$ 52.47,$ 892.00,$ 917.00,USD,Airbnb,Booked,17,7,HMM9XAZJ9Y,9fa010e4-9b94-4b9b-b6de-1792596bb063,9fa010e4-9b94-4b9b-b6de-1792596bb063,Hospitable,,1,NA,NA,,Medellín,On
Casa VIP Medellín 6 - Private Room + Bathroom,31 mar 2025,14 abr 2025,29 mar 2025,$ 15.50,$ 217.00,$ 227.00,USD,Airbnb,Booked,14,2,HMNWTXFRQB,04d23bd1-f965-4e4d-b06e-41d58980ff78,04d23bd1-f965-4e4d-b06e-41d58980ff78,Hospitable,,1,NA,NA,,Medellín,Off
Casa VIP Medellín 4 - Private Room,28 mar 2025,11 abr 2025,28 mar 2025,$ 14.55,$ 203.70,$ 213.70,USD,Airbnb,Booked,14,0,HMHXQAMXCJ,839e14b6-b389-4dba-b8e4-bf203f7687b6,839e14b6-b389-4dba-b8e4-bf203f7687b6,Hospitable,,1,NA,NA,,Medellín,Off
Casa VIP Medellín 2 - Private Room,27 mar 2025,01 abr 2025,28 mar 2025,$ 18.80,$ 94.00,$ 104.00,USD,Airbnb,Booked,5,-1,HMX3BBJR2H,5b3be724-13b4-4256-b706-f463679b25ae,5b3be724-13b4-4256-b706-f463679b25ae,Hospitable,,1,NA,NA,,Medellín,Off
Casa VIP Medellín 5 - Private Room + Bathroom,28 mar 2025,11 abr 2025,27 mar 2025,$ 15.40,$ 215.60,$ 225.60,USD,Airbnb,Booked,14,1,HM89ZRTY5B,adc37858-a5d4-4f6b-85fd-fbd1f55445d0,adc37858-a5d4-4f6b-85fd-fbd1f55445d0,Hospitable,,1,NA,NA,,Medellín,Off
OASIS PH - Hot Tub | 2 Terraces,30 abr 2025,28 may 2025,27 mar 2025,$ 77.36,"$ 2,166.00","$ 2,216.00",USD,Airbnb,Booked,28,34,HMN8FK3SZ3,f4eb04a3-fd3c-447f-8a01-31e260bbb89b,f4eb04a3-fd3c-447f-8a01-31e260bbb89b,Hospitable,,2,NA,NA,,Medellín,On
Casa VIP Medellín 2 - Private Room,21 mar 2025,26 mar 2025,18 mar 2025,$ 23.40,$ 117.00,$ 127.00,USD,Airbnb,Booked,5,3,HM2SZY5EAB,5b3be724-13b4-4256-b706-f463679b25ae,5b3be724-13b4-4256-b706-f463679b25ae,Hospitable,,1,NA,NA,,Medellín,Off
Casa VIP Medellín 4 - Private Room,18 mar 2025,27 mar 2025,17 mar 2025,$ 20.21,$ 181.90,$ 191.90,USD,Airbnb,Booked,9,1,HMRZHXW323,839e14b6-b389-4dba-b8e4-bf203f7687b6,839e14b6-b389-4dba-b8e4-bf203f7687b6,Hospitable,,1,NA,NA,,Medellín,Off
Casa VIP Medellín 2 - Private Room,15 mar 2025,21 mar 2025,15 mar 2025,$ 20.33,$ 122.00,$ 132.00,USD,Airbnb,Booked,6,0,HMW5S2R4PB,5b3be724-13b4-4256-b706-f463679b25ae,5b3be724-13b4-4256-b706-f463679b25ae,Hospitable,,1,NA,NA,,Medellín,Off
OASIS PH - Hot Tub | 2 Terraces,08 jul 2025,12 ago 2025,13 mar 2025,$ 108.77,"$ 3,807.00","$ 3,857.00",USD,Airbnb,Booked,35,117,HMFRRBC8AM,f4eb04a3-fd3c-447f-8a01-31e260bbb89b,f4eb04a3-fd3c-447f-8a01-31e260bbb89b,Hospitable,,2,NA,NA,,Medellín,On
Casa VIP Medellín 3 - Private Room,08 mar 2025,12 mar 2025,08 mar 2025,$ 19.00,$ 76.00,$ 86.00,USD,Airbnb,Booked,4,0,HMQFZBWFPJ,561cb290-e338-4065-a524-dc4ad75d0d69,561cb290-e338-4065-a524-dc4ad75d0d69,Hospitable,,1,NA,NA,,Medellín,Off
OASIS PH - Hot Tub | 2 Terraces,13 mar 2025,17 mar 2025,26 feb 2025,$ 129.00,$ 516.00,$ 566.00,USD,Airbnb,Booked,4,15,HM2SDBNEWK,f4eb04a3-fd3c-447f-8a01-31e260bbb89b,f4eb04a3-fd3c-447f-8a01-31e260bbb89b,Hospitable,,2,NA,NA,,Medellín,On
Casa VIP Medellín 1 - Private Room + Bathroom,20 mar 2025,10 abr 2025,24 feb 2025,$ 16.57,$ 348.00,$ 358.00,USD,Airbnb,Booked,21,24,HMH54W4TD9,81289b93-6954-4545-863d-a3f9e23b96cd,81289b93-6954-4545-863d-a3f9e23b96cd,Hospitable,,1,NA,NA,,Medellín,Off
Casa VIP Medellín 5 - Private Room + Bathroom,23 feb 2025,02 mar 2025,23 feb 2025,$ 19.31,$ 135.15,$ 145.15,USD,Airbnb,Booked,7,0,HMREHXJ8TS,adc37858-a5d4-4f6b-85fd-fbd1f55445d0,adc37858-a5d4-4f6b-85fd-fbd1f55445d0,Hospitable,,1,NA,NA,,Medellín,Off
Casa VIP Medellín 6 - Private Room + Bathroom,20 feb 2025,24 feb 2025,20 feb 2025,$ 23.00,$ 92.00,$ 102.00,USD,Airbnb,Booked,4,0,HMXRA2K2QY,04d23bd1-f965-4e4d-b06e-41d58980ff78,04d23bd1-f965-4e4d-b06e-41d58980ff78,Hospitable,,1,NA,NA,,Medellín,Off
Casa VIP Medellín 4 - Private Room,17 feb 2025,22 feb 2025,16 feb 2025,$ 25.60,$ 128.00,$ 138.00,USD,Airbnb,Booked,5,1,HMQHXR9CRQ,839e14b6-b389-4dba-b8e4-bf203f7687b6,839e14b6-b389-4dba-b8e4-bf203f7687b6,Hospitable,,1,NA,NA,,Medellín,Off
Casa VIP Medellín 2 - Private Room,23 feb 2025,13 mar 2025,15 feb 2025,$ 19.09,$ 343.70,$ 353.70,USD,Airbnb,Booked,18,8,HM2ZMYXTJ5,5b3be724-13b4-4256-b706-f463679b25ae,5b3be724-13b4-4256-b706-f463679b25ae,Hospitable,,1,NA,NA,,Medellín,Off
Casa VIP Medellín 4 - Private Room,23 feb 2025,13 mar 2025,15 feb 2025,$ 18.32,$ 329.70,$ 339.70,USD,Airbnb,Booked,18,8,HMEDHHHSC9,839e14b6-b389-4dba-b8e4-bf203f7687b6,839e14b6-b389-4dba-b8e4-bf203f7687b6,Hospitable,,1,NA,NA,,Medellín,Off
Casa VIP Medellín 3 - Private Room,17 feb 2025,24 feb 2025,14 feb 2025,$ 20.52,$ 143.65,$ 153.65,USD,Airbnb,Booked,7,3,HMWWKWCRRZ,561cb290-e338-4065-a524-dc4ad75d0d69,561cb290-e338-4065-a524-dc4ad75d0d69,Hospitable,,1,NA,NA,,Medellín,Off
Casa VIP Medellín 3 - Private Room,24 feb 2025,07 mar 2025,14 feb 2025,$ 23.03,$ 253.30,$ 263.30,USD,Airbnb,Booked,11,10,HMDFHPDAHC,561cb290-e338-4065-a524-dc4ad75d0d69,561cb290-e338-4065-a524-dc4ad75d0d69,Hospitable,,1,NA,NA,,Medellín,Off
Casa VIP Medellín 6 - Private Room + Bathroom,27 feb 2025,31 mar 2025,13 feb 2025,$ 14.34,$ 459.00,$ 469.00,USD,Airbnb,Booked,32,14,HM83SNKSJD,04d23bd1-f965-4e4d-b06e-41d58980ff78,04d23bd1-f965-4e4d-b06e-41d58980ff78,Hospitable,,1,NA,NA,,Medellín,Off
Casa VIP Medellín 1 - Private Room + Bathroom,15 feb 2025,15 mar 2025,12 feb 2025,$ 13.41,$ 375.50,$ 385.50,USD,Airbnb,Booked,28,3,HMNBM2TZT8,81289b93-6954-4545-863d-a3f9e23b96cd,81289b93-6954-4545-863d-a3f9e23b96cd,Hospitable,,1,NA,NA,,Medellín,Off
Casa VIP Medellín 2 - Private Room,14 feb 2025,20 feb 2025,12 feb 2025,$ 24.33,$ 146.00,$ 156.00,USD,Airbnb,Booked,6,2,HMSDZMRDKF,5b3be724-13b4-4256-b706-f463679b25ae,5b3be724-13b4-4256-b706-f463679b25ae,Hospitable,,1,NA,NA,,Medellín,Off
Casa VIP Medellín 4 - Private Room,08 feb 2025,17 feb 2025,08 feb 2025,$ 19.55,$ 175.95,$ 185.95,USD,Airbnb,Booked,9,0,HMKBW3AFM3,839e14b6-b389-4dba-b8e4-bf203f7687b6,839e14b6-b389-4dba-b8e4-bf203f7687b6,Hospitable,,1,NA,NA,,Medellín,Off
Casa VIP Medellín 3 - Private Room,08 feb 2025,17 feb 2025,02 feb 2025,$ 22.29,$ 200.60,$ 210.60,USD,Airbnb,Booked,9,6,HMJ4DAPRMF,561cb290-e338-4065-a524-dc4ad75d0d69,561cb290-e338-4065-a524-dc4ad75d0d69,Hospitable,,1,NA,NA,,Medellín,Off
Casa VIP Medellín 3 - Private Room,31 ene 2025,05 feb 2025,29 ene 2025,$ 23.60,$ 118.00,$ 128.00,USD,Airbnb,Booked,5,2,HMYK8A9HQ4,561cb290-e338-4065-a524-dc4ad75d0d69,561cb290-e338-4065-a524-dc4ad75d0d69,Hospitable,,1,NA,NA,,Medellín,Off
Casa VIP Medellín 2 - Private Room,29 ene 2025,08 feb 2025,29 ene 2025,$ 18.79,$ 187.85,$ 197.85,USD,Airbnb,Booked,10,0,HMKTMSY3BW,5b3be724-13b4-4256-b706-f463679b25ae,5b3be724-13b4-4256-b706-f463679b25ae,Hospitable,,1,NA,NA,,Medellín,Off
Casa VIP Medellín 6 - Private Room + Bathroom,28 ene 2025,18 feb 2025,26 ene 2025,$ 15.94,$ 334.80,$ 344.80,USD,Airbnb,Booked,21,2,HM3TDNDN88,04d23bd1-f965-4e4d-b06e-41d58980ff78,04d23bd1-f965-4e4d-b06e-41d58980ff78,Hospitable,,1,NA,NA,,Medellín,Off
Casa VIP Medellín 3 - Private Room,22 ene 2025,30 ene 2025,17 ene 2025,$ 23.80,$ 190.40,$ 200.40,USD,Airbnb,Booked,8,5,HMXDWMMQE2,561cb290-e338-4065-a524-dc4ad75d0d69,561cb290-e338-4065-a524-dc4ad75d0d69,Hospitable,,1,NA,NA,,Medellín,Off
Casa VIP Medellín 5 - Private Room + Bathroom,23 ene 2025,20 feb 2025,14 ene 2025,$ 15.07,$ 422.00,$ 432.00,USD,Airbnb,Booked,28,9,HMA3XH3JCH,adc37858-a5d4-4f6b-85fd-fbd1f55445d0,adc37858-a5d4-4f6b-85fd-fbd1f55445d0,Hospitable,,1,NA,NA,,Medellín,Off
Casa VIP Medellín 3 - Private Room,13 ene 2025,19 ene 2025,13 ene 2025,$ 22.17,$ 133.00,$ 143.00,USD,Airbnb,Booked,6,0,HMETN4R8C8,561cb290-e338-4065-a524-dc4ad75d0d69,561cb290-e338-4065-a524-dc4ad75d0d69,Hospitable,,1,NA,NA,,Medellín,Off
OASIS 201 - Balcony | Tub | 500M,05 feb 2025,05 mar 2025,12 ene 2025,$ 46.07,"$ 1,290.00","$ 1,315.00",USD,Airbnb,Booked,28,24,HMMBW9HTPP,9fa010e4-9b94-4b9b-b6de-1792596bb063,9fa010e4-9b94-4b9b-b6de-1792596bb063,Hospitable,,1,NA,NA,,Medellín,On
Casa VIP Medellín 2 - Private Room,09 ene 2025,27 ene 2025,09 ene 2025,$ 19.37,$ 348.60,$ 358.60,USD,Airbnb,Booked,18,0,HMRQSTTHXF,5b3be724-13b4-4256-b706-f463679b25ae,5b3be724-13b4-4256-b706-f463679b25ae,Hospitable,,1,NA,NA,,Medellín,Off
OASIS PH - Hot Tub | 2 Terraces,11 feb 2025,11 mar 2025,07 ene 2025,$ 83.52,"$ 2,338.50","$ 2,388.50",USD,Airbnb,Booked,28,35,HMHHPFHCYD,f4eb04a3-fd3c-447f-8a01-31e260bbb89b,f4eb04a3-fd3c-447f-8a01-31e260bbb89b,Hospitable,,2,NA,NA,,Medellín,On
Casa VIP Medellín 3 - Private Room,04 ene 2025,08 ene 2025,05 ene 2025,$ 22.25,$ 89.00,$ 99.00,USD,Airbnb,Booked,4,-1,HMQCSNKD5Z,561cb290-e338-4065-a524-dc4ad75d0d69,561cb290-e338-4065-a524-dc4ad75d0d69,Hospitable,,1,NA,NA,,Medellín,Off
Casa VIP Medellín 2 - Private Room,04 ene 2025,08 ene 2025,05 ene 2025,$ 22.25,$ 89.00,$ 99.00,USD,Airbnb,Booked,4,-1,HMTHPRWDZD,5b3be724-13b4-4256-b706-f463679b25ae,5b3be724-13b4-4256-b706-f463679b25ae,Hospitable,,1,NA,NA,,Medellín,Off
Casa VIP Medellín 6 - Private Room + Bathroom,03 ene 2025,10 ene 2025,03 ene 2025,$ 20.04,$ 140.25,$ 150.25,USD,Airbnb,Booked,7,0,HMS2SZ3SBJ,04d23bd1-f965-4e4d-b06e-41d58980ff78,04d23bd1-f965-4e4d-b06e-41d58980ff78,Hospitable,,1,NA,NA,,Medellín,Off
OASIS PH - Hot Tub | 2 Terraces,19 mar 2025,23 abr 2025,02 ene 2025,$ 88.77,"$ 3,107.00","$ 3,157.00",USD,Airbnb,Booked,35,76,HMB85S22HW,f4eb04a3-fd3c-447f-8a01-31e260bbb89b,f4eb04a3-fd3c-447f-8a01-31e260bbb89b,Hospitable,,2,NA,NA,,Medellín,On
Casa VIP Medellín 1 - Private Room + Bathroom,06 ene 2025,05 feb 2025,31 dic 2024,$ 14.68,$ 440.50,$ 450.50,USD,Airbnb,Booked,30,6,HMNNJYPH3W,81289b93-6954-4545-863d-a3f9e23b96cd,81289b93-6954-4545-863d-a3f9e23b96cd,Hospitable,,1,NA,NA,,Medellín,Off
Casa VIP Medellín 6 - Private Room + Bathroom,20 ene 2025,26 ene 2025,30 dic 2024,$ 28.83,$ 173.00,$ 183.00,USD,Airbnb,Booked,6,21,HMKMZT8F3Y,04d23bd1-f965-4e4d-b06e-41d58980ff78,04d23bd1-f965-4e4d-b06e-41d58980ff78,Hospitable,,1,NA,NA,,Medellín,Off
OASIS 201 - Balcony | Tub | 500M,12 ene 2025,03 feb 2025,29 dic 2024,$ 51.35,"$ 1,129.80","$ 1,154.80",USD,Airbnb,Booked,22,14,HMDQXKCX3J,9fa010e4-9b94-4b9b-b6de-1792596bb063,9fa010e4-9b94-4b9b-b6de-1792596bb063,Hospitable,,1,NA,NA,,Medellín,On
Casa VIP Medellín 1 - Private Room + Bathroom,26 dic 2024,02 ene 2025,24 dic 2024,$ 25.50,$ 178.50,$ 188.50,USD,Airbnb,Booked,7,2,HMRH4DR5M9,81289b93-6954-4545-863d-a3f9e23b96cd,81289b93-6954-4545-863d-a3f9e23b96cd,Hospitable,,1,NA,NA,,Medellín,Off
Casa VIP Medellín 3 - Private Room,20 dic 2024,03 ene 2025,19 dic 2024,$ 20.05,$ 280.70,$ 290.70,USD,Airbnb,Booked,14,1,HMYEDAMDAB,561cb290-e338-4065-a524-dc4ad75d0d69,561cb290-e338-4065-a524-dc4ad75d0d69,Hospitable,,1,NA,NA,,Medellín,Off
Casa VIP Medellín 2 - Private Room,18 dic 2024,01 ene 2025,15 dic 2024,$ 20.25,$ 283.50,$ 293.50,USD,Airbnb,Booked,14,3,HM5B3P94BR,5b3be724-13b4-4256-b706-f463679b25ae,5b3be724-13b4-4256-b706-f463679b25ae,Hospitable,,1,NA,NA,,Medellín,Off
OASIS 201 - Balcony | Tub | 500M,18 dic 2024,05 ene 2025,13 dic 2024,$ 58.58,"$ 1,054.40","$ 1,079.40",USD,Airbnb,Booked,18,5,HMWDH9TT3X,9fa010e4-9b94-4b9b-b6de-1792596bb063,9fa010e4-9b94-4b9b-b6de-1792596bb063,Hospitable,,1,NA,NA,,Medellín,On
OASIS PH - Hot Tub | 2 Terraces,11 ene 2025,08 feb 2025,13 dic 2024,$ 89.02,"$ 2,492.50","$ 2,542.50",USD,Airbnb,Booked,28,29,HMM2PF4JW5,f4eb04a3-fd3c-447f-8a01-31e260bbb89b,f4eb04a3-fd3c-447f-8a01-31e260bbb89b,Hospitable,,2,NA,NA,,Medellín,On
Casa VIP Medellín 3 - Private Room,27 nov 2024,08 dic 2024,25 nov 2024,$ 31.45,$ 346.00,$ 346.00,USD,Airbnb,Booked,11,2,HMBAD48YQ9,561cb290-e338-4065-a524-dc4ad75d0d69,561cb290-e338-4065-a524-dc4ad75d0d69,Hospitable,,1,NA,NA,,Medellín,Off
OASIS 201 - Balcony | Tub | 500M,01 dic 2024,12 dic 2024,25 nov 2024,$ 69.63,$ 765.90,$ 790.90,USD,Airbnb,Booked,11,6,HMBB3AYFQ3,9fa010e4-9b94-4b9b-b6de-1792596bb063,9fa010e4-9b94-4b9b-b6de-1792596bb063,Hospitable,,1,NA,NA,,Medellín,On
Casa VIP Medellín 5 - Private Room + Bathroom,24 nov 2024,17 dic 2024,21 nov 2024,$ 24.17,$ 556.00,$ 566.00,USD,Airbnb,Booked,23,3,HMFEY3AADJ,adc37858-a5d4-4f6b-85fd-fbd1f55445d0,adc37858-a5d4-4f6b-85fd-fbd1f55445d0,Hospitable,,1,NA,NA,,Medellín,Off
Casa VIP Medellín 2 - Private Room,05 dic 2024,15 dic 2024,20 nov 2024,$ 32.13,$ 321.30,$ 331.30,USD,Airbnb,Booked,10,15,HMSXHPB5YB,5b3be724-13b4-4256-b706-f463679b25ae,5b3be724-13b4-4256-b706-f463679b25ae,Hospitable,,1,NA,NA,,Medellín,Off
OASIS PH - Hot Tub | 2 Terraces,04 dic 2024,09 ene 2025,17 nov 2024,$ 95.26,"$ 3,429.50","$ 3,479.50",USD,Airbnb,Booked,36,17,HMKH2Y2STA,f4eb04a3-fd3c-447f-8a01-31e260bbb89b,f4eb04a3-fd3c-447f-8a01-31e260bbb89b,Hospitable,,2,NA,NA,,Medellín,On
OASIS PH - Hot Tub | 2 Terraces,16 nov 2024,30 nov 2024,09 nov 2024,$ 103.98,"$ 1,455.75","$ 1,505.75",USD,Airbnb,Booked,14,7,HMNYHB9CXY,f4eb04a3-fd3c-447f-8a01-31e260bbb89b,f4eb04a3-fd3c-447f-8a01-31e260bbb89b,Hospitable,,2,NA,NA,,Medellín,On
Casa VIP Medellín 2 - Private Room,25 oct 2024,25 nov 2024,21 oct 2024,$ 13.55,$ 420.00,$ 430.00,USD,Airbnb,Booked,31,4,HMXEYWJY99,5b3be724-13b4-4256-b706-f463679b25ae,5b3be724-13b4-4256-b706-f463679b25ae,Hospitable,,1,NA,NA,,Medellín,Off
OASIS 201 - Balcony | Tub | 500M,22 oct 2024,23 nov 2024,20 oct 2024,$ 37.52,"$ 1,200.60","$ 1,225.60",USD,Airbnb,Booked,32,2,HMNARJ2EAF,9fa010e4-9b94-4b9b-b6de-1792596bb063,9fa010e4-9b94-4b9b-b6de-1792596bb063,Hospitable,,1,NA,NA,,Medellín,On
Casa VIP Medellín 4 - Private Room,13 oct 2024,31 ene 2025,13 oct 2024,$ 12.38,"$ 1,361.50","$ 1,371.50",USD,Airbnb,Booked,110,0,HM2AX8PZ8J,839e14b6-b389-4dba-b8e4-bf203f7687b6,839e14b6-b389-4dba-b8e4-bf203f7687b6,Hospitable,,1,NA,NA,,Medellín,Off
Casa VIP Medellín 2 - Private Room,09 oct 2024,16 oct 2024,09 oct 2024,$ 17.36,$ 121.55,$ 131.55,USD,Airbnb,Booked,7,0,HMD52DCQK5,5b3be724-13b4-4256-b706-f463679b25ae,5b3be724-13b4-4256-b706-f463679b25ae,Hospitable,,1,NA,NA,,Medellín,Off
Casa VIP Medellín 3 - Private Room,08 oct 2024,17 oct 2024,06 oct 2024,$ 18.42,$ 165.75,$ 175.75,USD,Airbnb,Booked,9,2,HM3X2PN93M,561cb290-e338-4065-a524-dc4ad75d0d69,561cb290-e338-4065-a524-dc4ad75d0d69,Hospitable,,1,NA,NA,,Medellín,Off
Casa VIP Medellín 5 - Private Room + Bathroom,23 sep 2024,05 nov 2024,19 sep 2024,$ 12.91,$ 555.00,$ 565.00,USD,Airbnb,Booked,43,4,HMT8E4KQCZ,adc37858-a5d4-4f6b-85fd-fbd1f55445d0,adc37858-a5d4-4f6b-85fd-fbd1f55445d0,Hospitable,,1,NA,NA,,Medellín,Off
OASIS PH - Hot Tub | 2 Terraces,24 sep 2024,09 oct 2024,14 sep 2024,$ 101.95,"$ 1,529.25","$ 1,579.25",USD,Airbnb,Booked,15,10,HME23JQ3AE,f4eb04a3-fd3c-447f-8a01-31e260bbb89b,f4eb04a3-fd3c-447f-8a01-31e260bbb89b,Hospitable,,2,NA,NA,,Medellín,On
OASIS 201 - Balcony | Tub | 500M,25 sep 2024,19 oct 2024,10 sep 2024,$ 45.91,"$ 1,101.80","$ 1,126.80",USD,Airbnb,Booked,24,15,HMZDARP9AK,9fa010e4-9b94-4b9b-b6de-1792596bb063,9fa010e4-9b94-4b9b-b6de-1792596bb063,Hospitable,,1,NA,NA,,Medellín,On
Casa VIP Medellín 1 - Private Room + Bathroom,08 sep 2024,26 sep 2024,01 sep 2024,$ 16.99,$ 305.90,$ 315.90,USD,Airbnb,Booked,18,7,HM2X4ASF4A,81289b93-6954-4545-863d-a3f9e23b96cd,81289b93-6954-4545-863d-a3f9e23b96cd,Hospitable,,1,NA,NA,,Medellín,Off
Casa VIP Medellín 1 - Private Room + Bathroom,24 sep 2024,10 dic 2024,30 ago 2024,$ 14.91,"$ 1,148.00","$ 1,158.00",USD,Airbnb,Booked,77,25,HMYEMXKNBC,81289b93-6954-4545-863d-a3f9e23b96cd,81289b93-6954-4545-863d-a3f9e23b96cd,Hospitable,,1,NA,NA,,Medellín,Off
OASIS PH - Hot Tub | 2 Terraces,11 oct 2024,09 nov 2024,25 ago 2024,$ 81.79,"$ 2,372.00","$ 2,422.00",USD,Airbnb,Booked,29,47,HM4MHY95NC,f4eb04a3-fd3c-447f-8a01-31e260bbb89b,f4eb04a3-fd3c-447f-8a01-31e260bbb89b,Hospitable,,2,NA,NA,,Medellín,On
Casa VIP Medellín 6 - Private Room + Bathroom,24 ago 2024,20 dic 2024,21 ago 2024,$ 12.27,"$ 1,448.01","$ 1,458.01",USD,Airbnb,Booked,118,3,HMT9T9KFXF,04d23bd1-f965-4e4d-b06e-41d58980ff78,04d23bd1-f965-4e4d-b06e-41d58980ff78,Hospitable,,1,NA,NA,,Medellín,Off
Casa VIP Medellín 6 - Private Room + Bathroom,16 ago 2024,23 ago 2024,15 ago 2024,$ 18.09,$ 126.65,$ 136.65,USD,Airbnb,Booked,7,1,HMB52X8XCE,04d23bd1-f965-4e4d-b06e-41d58980ff78,04d23bd1-f965-4e4d-b06e-41d58980ff78,Hospitable,,1,NA,NA,,Medellín,Off
Casa VIP Medellín 4 - Private Room,21 ago 2024,10 oct 2024,13 ago 2024,$ 13.53,$ 676.50,$ 686.50,USD,Airbnb,Booked,50,8,HM3WMFA9K9,839e14b6-b389-4dba-b8e4-bf203f7687b6,839e14b6-b389-4dba-b8e4-bf203f7687b6,Hospitable,,1,NA,NA,,Medellín,Off
Casa VIP Medellín 2 - Private Room,15 ago 2024,23 ago 2024,10 ago 2024,$ 21.99,$ 175.95,$ 185.95,USD,Airbnb,Booked,8,5,HMT9XMRYJ9,5b3be724-13b4-4256-b706-f463679b25ae,5b3be724-13b4-4256-b706-f463679b25ae,Hospitable,,1,NA,NA,,Medellín,Off
Casa VIP Medellín 2 - Private Room,24 ago 2024,22 sep 2024,10 ago 2024,$ 13.71,$ 397.50,$ 407.50,USD,Airbnb,Booked,29,14,HMRHNEC3R8,5b3be724-13b4-4256-b706-f463679b25ae,5b3be724-13b4-4256-b706-f463679b25ae,Hospitable,,1,NA,NA,,Medellín,Off
Casa VIP Medellín 6 - Private Room + Bathroom,02 ago 2024,15 ago 2024,31 jul 2024,$ 18.37,$ 238.85,$ 248.85,USD,Airbnb,Booked,13,2,HM3TNPYH9H,04d23bd1-f965-4e4d-b06e-41d58980ff78,04d23bd1-f965-4e4d-b06e-41d58980ff78,Hospitable,,1,NA,NA,,Medellín,Off
OASIS PH - Hot Tub | 2 Terraces,03 ago 2024,05 ago 2024,28 jul 2024,$ 148.50,$ 297.00,$ 347.00,USD,Airbnb,Booked,2,6,HMHFFNRBK9,f4eb04a3-fd3c-447f-8a01-31e260bbb89b,f4eb04a3-fd3c-447f-8a01-31e260bbb89b,Hospitable,,2,NA,NA,,Medellín,On
Casa VIP Medellín 1 - Private Room + Bathroom,01 ago 2024,03 sep 2024,24 jul 2024,$ 13.82,$ 456.00,$ 466.00,USD,Airbnb,Booked,33,8,HMXKDSP2WK,81289b93-6954-4545-863d-a3f9e23b96cd,81289b93-6954-4545-863d-a3f9e23b96cd,Hospitable,,1,NA,NA,,Medellín,Off
Casa VIP Medellín 1 - Private Room + Bathroom,23 jul 2024,31 jul 2024,23 jul 2024,$ 16.26,$ 130.05,$ 140.05,USD,Airbnb,Booked,8,0,HMJTZQ8KD3,81289b93-6954-4545-863d-a3f9e23b96cd,81289b93-6954-4545-863d-a3f9e23b96cd,Hospitable,,1,NA,NA,,Medellín,Off
Casa VIP Medellín 5 - Private Room + Bathroom,20 jul 2024,06 sep 2024,20 jul 2024,$ 11.83,$ 568.00,$ 578.00,USD,Airbnb,Booked,48,0,HMWYR28EHD,adc37858-a5d4-4f6b-85fd-fbd1f55445d0,adc37858-a5d4-4f6b-85fd-fbd1f55445d0,Hospitable,,1,NA,NA,,Medellín,Off
OASIS PH - Hot Tub | 2 Terraces,21 jul 2024,29 jul 2024,20 jul 2024,$ 104.63,$ 837.00,$ 887.00,USD,Airbnb,Booked,8,1,HM3BNJWF5E,f4eb04a3-fd3c-447f-8a01-31e260bbb89b,f4eb04a3-fd3c-447f-8a01-31e260bbb89b,Hospitable,,2,NA,NA,,Medellín,On
Casa VIP Medellín 4 - Private Room,18 jul 2024,15 ago 2024,18 jul 2024,$ 13.63,$ 381.50,$ 391.50,USD,Airbnb,Booked,28,0,HMC94SZM98,839e14b6-b389-4dba-b8e4-bf203f7687b6,839e14b6-b389-4dba-b8e4-bf203f7687b6,Hospitable,,1,NA,NA,,Medellín,Off
Casa VIP Medellín 3 - Private Room,28 jul 2024,07 ago 2024,17 jul 2024,$ 22.87,$ 228.65,$ 238.65,USD,Airbnb,Booked,10,11,HMJBQAWKZY,561cb290-e338-4065-a524-dc4ad75d0d69,561cb290-e338-4065-a524-dc4ad75d0d69,Hospitable,,1,NA,NA,,Medellín,Off
Casa VIP Medellín 3 - Private Room,19 jul 2024,26 jul 2024,16 jul 2024,$ 17.00,$ 119.00,$ 129.00,USD,Airbnb,Booked,7,3,HMF5T83FZN,561cb290-e338-4065-a524-dc4ad75d0d69,561cb290-e338-4065-a524-dc4ad75d0d69,Hospitable,,1,NA,NA,,Medellín,Off
Casa VIP Medellín 2 - Private Room,18 jul 2024,15 ago 2024,15 jul 2024,$ 12.04,$ 337.00,$ 347.00,USD,Airbnb,Booked,28,3,HMERQAPB9H,5b3be724-13b4-4256-b706-f463679b25ae,5b3be724-13b4-4256-b706-f463679b25ae,Hospitable,,1,NA,NA,,Medellín,Off
Casa VIP Medellín 6 - Private Room + Bathroom,14 jul 2024,01 ago 2024,11 jul 2024,$ 15.71,$ 282.80,$ 292.80,USD,Airbnb,Booked,18,3,HM4N5REK8Y,04d23bd1-f965-4e4d-b06e-41d58980ff78,04d23bd1-f965-4e4d-b06e-41d58980ff78,Hospitable,,1,NA,NA,,Medellín,Off
OASIS 201 - Balcony | Tub | 500M,23 jul 2024,19 ago 2024,10 jul 2024,$ 52.03,"$ 1,404.90","$ 1,429.90",USD,Airbnb,Booked,27,13,HMW8399KA3,9fa010e4-9b94-4b9b-b6de-1792596bb063,9fa010e4-9b94-4b9b-b6de-1792596bb063,Hospitable,,1,NA,NA,,Medellín,On
OASIS 201 - Balcony | Tub | 500M,06 jul 2024,15 jul 2024,28 jun 2024,$ 65.30,$ 587.70,$ 612.70,USD,Airbnb,Booked,9,8,HMBA93KE94,9fa010e4-9b94-4b9b-b6de-1792596bb063,9fa010e4-9b94-4b9b-b6de-1792596bb063,Hospitable,,1,NA,NA,,Medellín,On
Casa VIP Medellín 6 - Private Room + Bathroom,13 jun 2024,27 jun 2024,12 jun 2024,$ 16.25,$ 227.50,$ 237.50,USD,Airbnb,Booked,14,1,HM953NCHTA,04d23bd1-f965-4e4d-b06e-41d58980ff78,04d23bd1-f965-4e4d-b06e-41d58980ff78,Hospitable,,1,NA,NA,,Medellín,Off
Casa VIP Medellín 3 - Private Room,05 jun 2024,30 jun 2024,02 jun 2024,$ 14.59,$ 364.80,$ 374.80,USD,Airbnb,Booked,25,3,HMAZXJCM8M,561cb290-e338-4065-a524-dc4ad75d0d69,561cb290-e338-4065-a524-dc4ad75d0d69,Hospitable,,1,NA,NA,,Medellín,Off
Casa VIP Medellín 2 - Private Room,16 jun 2024,16 jul 2024,30 may 2024,$ 14.83,$ 445.00,$ 455.00,USD,Airbnb,Booked,30,17,HMQQAJT54Y,5b3be724-13b4-4256-b706-f463679b25ae,5b3be724-13b4-4256-b706-f463679b25ae,Hospitable,,1,NA,NA,,Medellín,Off
OASIS 201 - Balcony | Tub | 500M,30 may 2024,01 jul 2024,26 may 2024,$ 41.81,"$ 1,338.00","$ 1,363.00",USD,Airbnb,Booked,32,4,HM9TX9KWCX,9fa010e4-9b94-4b9b-b6de-1792596bb063,9fa010e4-9b94-4b9b-b6de-1792596bb063,Hospitable,,1,NA,NA,,Medellín,On
Casa VIP Medellín 1 - Private Room + Bathroom,26 may 2024,27 jun 2024,21 may 2024,$ 12.66,$ 405.00,$ 415.00,USD,Airbnb,Booked,32,5,HMMYCRAZ2J,81289b93-6954-4545-863d-a3f9e23b96cd,81289b93-6954-4545-863d-a3f9e23b96cd,Hospitable,,1,NA,NA,,Medellín,Off
OASIS PH - Hot Tub | 2 Terraces,20 may 2024,27 may 2024,13 may 2024,$ 101.44,$ 710.10,$ 760.10,USD,Airbnb,Booked,7,7,HMS5CEJW8S,f4eb04a3-fd3c-447f-8a01-31e260bbb89b,f4eb04a3-fd3c-447f-8a01-31e260bbb89b,Hospitable,,2,NA,NA,,Medellín,On
Casa VIP Medellín 2 - Private Room,12 may 2024,13 jun 2024,08 may 2024,$ 12.08,$ 386.50,$ 396.50,USD,Airbnb,Booked,32,4,HMP2QMS8EA,5b3be724-13b4-4256-b706-f463679b25ae,5b3be724-13b4-4256-b706-f463679b25ae,Hospitable,,1,NA,NA,,Medellín,Off
Casa VIP Medellín 6 - Private Room + Bathroom,10 may 2024,11 jun 2024,06 may 2024,$ 12.55,$ 401.50,$ 411.50,USD,Airbnb,Booked,32,4,HMB42AM3FN,04d23bd1-f965-4e4d-b06e-41d58980ff78,04d23bd1-f965-4e4d-b06e-41d58980ff78,Hospitable,,1,NA,NA,,Medellín,Off
Casa VIP Medellín 3 - Private Room,04 may 2024,04 jun 2024,30 abr 2024,$ 11.95,$ 370.50,$ 380.50,USD,Airbnb,Booked,31,4,HMMB4ZHYE3,561cb290-e338-4065-a524-dc4ad75d0d69,561cb290-e338-4065-a524-dc4ad75d0d69,Hospitable,,1,NA,NA,,Medellín,Off
Casa VIP Medellín 4 - Private Room,02 may 2024,15 jul 2024,27 abr 2024,$ 13.37,$ 989.50,$ 999.50,USD,Airbnb,Booked,74,5,HMDCBK2YT8,839e14b6-b389-4dba-b8e4-bf203f7687b6,839e14b6-b389-4dba-b8e4-bf203f7687b6,Hospitable,,1,NA,NA,,Medellín,Off
Casa VIP Medellín 5 - Private Room + Bathroom,01 may 2024,30 may 2024,25 abr 2024,$ 12.69,$ 368.00,$ 378.00,USD,Airbnb,Booked,29,6,HMWZP3HKDT,adc37858-a5d4-4f6b-85fd-fbd1f55445d0,adc37858-a5d4-4f6b-85fd-fbd1f55445d0,Hospitable,,1,NA,NA,,Medellín,Off
OASIS 201 - Balcony | Tub | 500M,07 may 2024,28 may 2024,09 abr 2024,$ 49.90,"$ 1,047.90","$ 1,072.90",USD,Airbnb,Booked,21,28,HMZNHNYFCB,9fa010e4-9b94-4b9b-b6de-1792596bb063,9fa010e4-9b94-4b9b-b6de-1792596bb063,Hospitable,,1,NA,NA,,Medellín,On
Casa VIP Medellín 5 - Private Room + Bathroom,17 abr 2024,30 abr 2024,08 abr 2024,$ 20.86,$ 271.15,$ 281.15,USD,Airbnb,Booked,13,9,HMTN983JST,adc37858-a5d4-4f6b-85fd-fbd1f55445d0,adc37858-a5d4-4f6b-85fd-fbd1f55445d0,Hospitable,,1,NA,NA,,Medellín,Off
OASIS PH - Hot Tub | 2 Terraces,31 may 2024,18 jul 2024,31 mar 2024,$ 85.22,"$ 4,090.50","$ 4,140.50",USD,Airbnb,Booked,48,61,HMA53522FM,f4eb04a3-fd3c-447f-8a01-31e260bbb89b,f4eb04a3-fd3c-447f-8a01-31e260bbb89b,Hospitable,,2,NA,NA,,Medellín,On
Casa VIP Medellín 4 - Private Room,11 abr 2024,30 abr 2024,31 mar 2024,$ 18.05,$ 343.00,$ 353.00,USD,Airbnb,Booked,19,11,HMHARSPARX,839e14b6-b389-4dba-b8e4-bf203f7687b6,839e14b6-b389-4dba-b8e4-bf203f7687b6,Hospitable,,1,NA,NA,,Medellín,Off
Casa VIP Medellín 2 - Private Room,08 abr 2024,09 may 2024,28 mar 2024,$ 13.23,$ 410.00,$ 420.00,USD,Airbnb,Booked,31,11,HMQEQCKWY4,5b3be724-13b4-4256-b706-f463679b25ae,5b3be724-13b4-4256-b706-f463679b25ae,Hospitable,,1,NA,NA,,Medellín,Off
Casa VIP Medellín 3 - Private Room,31 mar 2024,21 abr 2024,21 mar 2024,$ 15.43,$ 324.00,$ 334.00,USD,Airbnb,Booked,21,10,HMY3HBNS8A,561cb290-e338-4065-a524-dc4ad75d0d69,561cb290-e338-4065-a524-dc4ad75d0d69,Hospitable,,1,NA,NA,,Medellín,Off
OASIS PH - Hot Tub | 2 Terraces,17 ago 2024,18 sep 2024,16 mar 2024,$ 91.70,"$ 2,934.50","$ 2,984.50",USD,Airbnb,Booked,32,154,HMCZTRM9RJ,f4eb04a3-fd3c-447f-8a01-31e260bbb89b,f4eb04a3-fd3c-447f-8a01-31e260bbb89b,Hospitable,,2,NA,NA,,Medellín,On
Casa VIP Medellín 1 - Private Room + Bathroom,16 mar 2024,16 may 2024,14 mar 2024,$ 11.51,$ 702.00,$ 712.00,USD,Airbnb,Booked,61,2,HMC3TJJH55,81289b93-6954-4545-863d-a3f9e23b96cd,81289b93-6954-4545-863d-a3f9e23b96cd,Hospitable,,1,NA,NA,,Medellín,Off
Casa VIP Medellín 5 - Private Room + Bathroom,14 mar 2024,11 abr 2024,12 mar 2024,$ 11.07,$ 310.00,$ 320.00,USD,Airbnb,Booked,28,2,HM5WX3QPXD,adc37858-a5d4-4f6b-85fd-fbd1f55445d0,adc37858-a5d4-4f6b-85fd-fbd1f55445d0,Hospitable,,1,NA,NA,,Medellín,Off
Casa VIP Medellín 2 - Private Room,10 mar 2024,07 abr 2024,08 mar 2024,$ 13.57,$ 380.00,$ 390.00,USD,Airbnb,Booked,28,2,HMEXRHMKY8,5b3be724-13b4-4256-b706-f463679b25ae,5b3be724-13b4-4256-b706-f463679b25ae,Hospitable,,1,NA,NA,,Medellín,Off
Casa VIP Medellín 5 - Private Room + Bathroom,05 mar 2024,13 mar 2024,01 mar 2024,$ 18.06,$ 144.50,$ 154.50,USD,Airbnb,Booked,8,4,HMNNQXEWCY,adc37858-a5d4-4f6b-85fd-fbd1f55445d0,adc37858-a5d4-4f6b-85fd-fbd1f55445d0,Hospitable,,1,NA,NA,,Medellín,Off
OASIS 201 - Balcony | Tub | 500M,16 mar 2024,20 abr 2024,01 mar 2024,$ 41.81,"$ 1,463.40","$ 1,488.40",USD,Airbnb,Booked,35,15,HM5TXFE58B,9fa010e4-9b94-4b9b-b6de-1792596bb063,9fa010e4-9b94-4b9b-b6de-1792596bb063,Hospitable,,1,NA,NA,,Medellín,On
OASIS PH - Hot Tub | 2 Terraces,01 mar 2024,17 mar 2024,12 feb 2024,$ 112.17,"$ 1,794.75","$ 1,844.75",USD,Airbnb,Booked,16,18,HMZ4SHQBF4,f4eb04a3-fd3c-447f-8a01-31e260bbb89b,f4eb04a3-fd3c-447f-8a01-31e260bbb89b,Hospitable,,2,NA,NA,,Medellín,On
Casa VIP Medellín 3 - Private Room,19 feb 2024,19 mar 2024,01 feb 2024,$ 13.76,$ 399.00,$ 409.00,USD,Airbnb,Booked,29,18,HMWAT4QPXY,561cb290-e338-4065-a524-dc4ad75d0d69,561cb290-e338-4065-a524-dc4ad75d0d69,Hospitable,,1,NA,NA,,Medellín,Off
Casa VIP Medellín 6 - Private Room + Bathroom,03 mar 2024,02 abr 2024,30 ene 2024,$ 16.30,$ 489.00,$ 499.00,USD,Airbnb,Booked,30,33,HMTSCXJS3Q,04d23bd1-f965-4e4d-b06e-41d58980ff78,04d23bd1-f965-4e4d-b06e-41d58980ff78,Hospitable,,1,NA,NA,,Medellín,Off
Casa VIP Medellín 2 - Private Room,30 ene 2024,29 feb 2024,16 ene 2024,$ 16.23,$ 487.00,$ 497.00,USD,Airbnb,Booked,30,14,HMWNWDHTKK,5b3be724-13b4-4256-b706-f463679b25ae,5b3be724-13b4-4256-b706-f463679b25ae,Hospitable,,1,NA,NA,,Medellín,Off
OASIS PH - Hot Tub | 2 Terraces,30 mar 2024,12 may 2024,13 ene 2024,$ 76.06,"$ 3,270.50","$ 3,320.50",USD,Airbnb,Booked,43,77,HMYA8QNQZQ,f4eb04a3-fd3c-447f-8a01-31e260bbb89b,f4eb04a3-fd3c-447f-8a01-31e260bbb89b,Hospitable,,2,NA,NA,,Medellín,On
Casa VIP Medellín 4 - Private Room,31 ene 2024,10 abr 2024,10 ene 2024,$ 14.44,"$ 1,010.50","$ 1,020.50",USD,Airbnb,Booked,70,21,HMCBXNB9AD,839e14b6-b389-4dba-b8e4-bf203f7687b6,839e14b6-b389-4dba-b8e4-bf203f7687b6,Hospitable,,1,NA,NA,,Medellín,Off
Casa VIP Medellín 3 - Private Room,11 ene 2024,30 ene 2024,06 ene 2024,$ 19.08,$ 362.60,$ 372.60,USD,Airbnb,Booked,19,5,HMA24JE2XE,561cb290-e338-4065-a524-dc4ad75d0d69,561cb290-e338-4065-a524-dc4ad75d0d69,Hospitable,,1,NA,NA,,Medellín,Off
Casa VIP Medellín 5 - Private Room + Bathroom,10 ene 2024,06 feb 2024,04 ene 2024,$ 16.62,$ 448.80,$ 458.80,USD,Airbnb,Booked,27,6,HMJDDPBYSP,adc37858-a5d4-4f6b-85fd-fbd1f55445d0,adc37858-a5d4-4f6b-85fd-fbd1f55445d0,Hospitable,,1,NA,NA,,Medellín,Off
Casa VIP Medellín 2 - Private Room,06 ene 2024,16 ene 2024,03 ene 2024,$ 23.04,$ 230.35,$ 240.35,USD,Airbnb,Booked,10,3,HMM2FE3QWE,5b3be724-13b4-4256-b706-f463679b25ae,5b3be724-13b4-4256-b706-f463679b25ae,Hospitable,,1,NA,NA,,Medellín,Off
Casa VIP Medellín 3 - Private Room,31 dic 2023,09 ene 2024,28 dic 2023,$ 18.61,$ 167.45,$ 177.45,USD,Airbnb,Booked,9,3,HMEF4NEB3K,561cb290-e338-4065-a524-dc4ad75d0d69,561cb290-e338-4065-a524-dc4ad75d0d69,Hospitable,,1,NA,NA,,Medellín,Off
Casa VIP Medellín 2 - Private Room,25 dic 2023,04 ene 2024,21 dic 2023,$ 23.63,$ 236.30,$ 246.30,USD,Airbnb,Booked,10,4,HMYM2PXZ99,5b3be724-13b4-4256-b706-f463679b25ae,5b3be724-13b4-4256-b706-f463679b25ae,Hospitable,,1,NA,NA,,Medellín,Off
Casa VIP Medellín 5 - Private Room + Bathroom,20 dic 2023,31 dic 2023,11 dic 2023,$ 28.59,$ 314.50,$ 324.50,USD,Airbnb,Booked,11,9,HMETK3MKCD,adc37858-a5d4-4f6b-85fd-fbd1f55445d0,adc37858-a5d4-4f6b-85fd-fbd1f55445d0,Hospitable,,1,NA,NA,,Medellín,Off
OASIS PH - Hot Tub | 2 Terraces,08 ene 2024,22 feb 2024,05 dic 2023,$ 77.11,"$ 3,470.00","$ 3,470.00",USD,Airbnb,Booked,45,34,HM94CPWZ52,f4eb04a3-fd3c-447f-8a01-31e260bbb89b,f4eb04a3-fd3c-447f-8a01-31e260bbb89b,Hospitable,,2,NA,NA,,Medellín,On
OASIS PH - Hot Tub | 2 Terraces,05 dic 2023,22 dic 2023,01 dic 2023,$ 107.34,"$ 1,824.75","$ 1,874.75",USD,Airbnb,Booked,17,4,HMNEMBX2E9,f4eb04a3-fd3c-447f-8a01-31e260bbb89b,f4eb04a3-fd3c-447f-8a01-31e260bbb89b,Hospitable,,2,NA,NA,,Medellín,On
Casa VIP Medellín 4 - Private Room,02 dic 2023,16 dic 2023,16 nov 2023,$ 22.90,$ 320.60,$ 330.60,USD,Airbnb,Booked,14,16,HM5AYE4S5E,839e14b6-b389-4dba-b8e4-bf203f7687b6,839e14b6-b389-4dba-b8e4-bf203f7687b6,Hospitable,,1,NA,NA,,Medellín,Off
Casa VIP Medellín 4 - Private Room,16 dic 2023,16 ene 2024,15 nov 2023,$ 18.26,$ 566.00,$ 576.00,USD,Airbnb,Booked,31,31,HMPZT2BBWA,839e14b6-b389-4dba-b8e4-bf203f7687b6,839e14b6-b389-4dba-b8e4-bf203f7687b6,Hospitable,,1,NA,NA,,Medellín,Off
OASIS PH - Hot Tub | 2 Terraces,17 nov 2023,01 dic 2023,14 nov 2023,$ 108.29,"$ 1,516.00","$ 1,566.00",USD,Airbnb,Booked,14,3,HM3HMY9ZMR,f4eb04a3-fd3c-447f-8a01-31e260bbb89b,f4eb04a3-fd3c-447f-8a01-31e260bbb89b,Hospitable,,2,NA,NA,,Medellín,On
Casa VIP Medellín 6 - Private Room + Bathroom,20 nov 2023,20 dic 2023,04 nov 2023,$ 16.55,$ 496.50,$ 506.50,USD,Airbnb,Booked,30,16,HMBWK92AQS,04d23bd1-f965-4e4d-b06e-41d58980ff78,04d23bd1-f965-4e4d-b06e-41d58980ff78,Hospitable,,1,NA,NA,,Medellín,Off
Casa VIP Medellín 6 - Private Room + Bathroom,16 oct 2023,20 oct 2023,12 oct 2023,$ 22.25,$ 89.00,$ 99.00,USD,Airbnb,Booked,4,4,HMB2MZTP4C,04d23bd1-f965-4e4d-b06e-41d58980ff78,04d23bd1-f965-4e4d-b06e-41d58980ff78,Hospitable,,1,NA,NA,,Medellín,Off
Casa VIP Medellín 3 - Private Room,26 sep 2023,03 oct 2023,25 sep 2023,$ 17.43,$ 122.00,$ 132.00,USD,Airbnb,Booked,7,1,HMJYW5HWW4,561cb290-e338-4065-a524-dc4ad75d0d69,561cb290-e338-4065-a524-dc4ad75d0d69,Hospitable,,1,NA,NA,,Medellín,Off
OASIS 201 - Balcony | Tub | 500M,01 oct 2023,11 nov 2023,25 sep 2023,$ 46.65,"$ 1,912.80","$ 1,937.80",USD,Airbnb,Booked,41,6,HM8C8KH4WZ,9fa010e4-9b94-4b9b-b6de-1792596bb063,9fa010e4-9b94-4b9b-b6de-1792596bb063,Hospitable,,1,NA,NA,,Medellín,On
Casa VIP Medellín 4 - Private Room,19 oct 2023,09 nov 2023,15 sep 2023,$ 20.43,$ 429.00,$ 439.00,USD,Airbnb,Booked,21,34,HMNTTA9K24,839e14b6-b389-4dba-b8e4-bf203f7687b6,839e14b6-b389-4dba-b8e4-bf203f7687b6,Hospitable,,1,NA,NA,,Medellín,Off
Casa VIP Medellín 2 - Private Room,27 oct 2023,27 nov 2023,13 sep 2023,$ 18.66,$ 578.50,$ 588.50,USD,Airbnb,Booked,31,44,HMKTNQMKYH,5b3be724-13b4-4256-b706-f463679b25ae,5b3be724-13b4-4256-b706-f463679b25ae,Hospitable,,1,NA,NA,,Medellín,Off
Casa VIP Medellín 3 - Private Room,15 sep 2023,23 sep 2023,13 sep 2023,$ 17.21,$ 137.70,$ 147.70,USD,Airbnb,Booked,8,2,HM5YD5ZZPM,561cb290-e338-4065-a524-dc4ad75d0d69,561cb290-e338-4065-a524-dc4ad75d0d69,Hospitable,,1,NA,NA,,Medellín,Off
OASIS 201 - Balcony | Tub | 500M,12 sep 2023,25 sep 2023,10 sep 2023,$ 49.43,$ 642.60,$ 667.60,USD,Airbnb,Booked,13,2,HM38N5YBDE,9fa010e4-9b94-4b9b-b6de-1792596bb063,9fa010e4-9b94-4b9b-b6de-1792596bb063,Hospitable,,1,NA,NA,,Medellín,On
Casa VIP Medellín 3 - Private Room,13 nov 2023,23 dic 2023,09 sep 2023,$ 18.18,$ 727.00,$ 737.00,USD,Airbnb,Booked,40,65,HM8DCHFSAP,561cb290-e338-4065-a524-dc4ad75d0d69,561cb290-e338-4065-a524-dc4ad75d0d69,Hospitable,,1,NA,NA,,Medellín,Off
Casa VIP Medellín 3 - Private Room,08 oct 2023,12 nov 2023,08 sep 2023,$ 17.37,$ 608.00,$ 618.00,USD,Airbnb,Booked,35,30,HMFY8NFDNR,561cb290-e338-4065-a524-dc4ad75d0d69,561cb290-e338-4065-a524-dc4ad75d0d69,Hospitable,,1,NA,NA,,Medellín,Off
Casa VIP Medellín 6 - Private Room + Bathroom,21 oct 2023,18 nov 2023,07 sep 2023,$ 20.25,$ 567.00,$ 577.00,USD,Airbnb,Booked,28,44,HMZTCB2P9N,04d23bd1-f965-4e4d-b06e-41d58980ff78,04d23bd1-f965-4e4d-b06e-41d58980ff78,Hospitable,,1,NA,NA,,Medellín,Off
Casa VIP Medellín 2 - Private Room,13 sep 2023,27 oct 2023,29 ago 2023,$ 13.42,$ 590.50,$ 680.20,USD,Airbnb,Booked,44,15,HM43KDPAB5,5b3be724-13b4-4256-b706-f463679b25ae,5b3be724-13b4-4256-b706-f463679b25ae,Hospitable,,1,NA,NA,,Medellín,Off
OASIS 201 - Balcony | Tub | 500M,26 ago 2023,08 sep 2023,26 ago 2023,$ 46.75,$ 607.75,$ 627.75,USD,Airbnb,Booked,13,0,HMWTAKKSEW,9fa010e4-9b94-4b9b-b6de-1792596bb063,9fa010e4-9b94-4b9b-b6de-1792596bb063,Hospitable,,1,NA,NA,,Medellín,On
Casa VIP Medellín 5 - Private Room + Bathroom,11 sep 2023,11 oct 2023,23 ago 2023,$ 13.32,$ 399.50,$ 409.50,USD,Airbnb,Booked,30,19,HM9YXHQWJN,adc37858-a5d4-4f6b-85fd-fbd1f55445d0,adc37858-a5d4-4f6b-85fd-fbd1f55445d0,Hospitable,,1,NA,NA,,Medellín,Off
Casa VIP Medellín 1 - Private Room + Bathroom,16 ago 2023,13 sep 2023,02 ago 2023,$ 14.77,$ 413.50,$ 423.50,USD,Airbnb,Booked,28,14,HMDNTB3XHY,81289b93-6954-4545-863d-a3f9e23b96cd,81289b93-6954-4545-863d-a3f9e23b96cd,Hospitable,,1,NA,NA,,Medellín,Off
Casa VIP Medellín 6 - Private Room + Bathroom,30 ago 2023,27 sep 2023,27 jul 2023,$ 13.64,$ 382.00,$ 392.00,USD,Airbnb,Booked,28,34,HMWZN8H99Z,04d23bd1-f965-4e4d-b06e-41d58980ff78,04d23bd1-f965-4e4d-b06e-41d58980ff78,Hospitable,,1,NA,NA,,Medellín,Off
Casa VIP Medellín 4 - Private Room,01 sep 2023,15 oct 2023,24 jul 2023,$ 13.73,$ 604.00,$ 614.00,USD,Airbnb,Booked,44,39,HMF2FS29CP,839e14b6-b389-4dba-b8e4-bf203f7687b6,839e14b6-b389-4dba-b8e4-bf203f7687b6,Hospitable,,1,NA,NA,,Medellín,Off
Casa VIP Medellín 5 - Private Room + Bathroom,07 ago 2023,04 sep 2023,23 jul 2023,$ 13.68,$ 383.00,$ 393.00,USD,Airbnb,Booked,28,15,HMZXDNMP5Q,adc37858-a5d4-4f6b-85fd-fbd1f55445d0,adc37858-a5d4-4f6b-85fd-fbd1f55445d0,Hospitable,,1,NA,NA,,Medellín,Off
Casa VIP Medellín 4 - Private Room,25 jul 2023,29 jul 2023,20 jul 2023,$ 24.50,$ 98.00,$ 108.00,USD,Airbnb,Booked,4,5,HM8X4ZFHTR,839e14b6-b389-4dba-b8e4-bf203f7687b6,839e14b6-b389-4dba-b8e4-bf203f7687b6,Hospitable,,1,NA,NA,,Medellín,Off
Casa VIP Medellín 2 - Private Room,13 ago 2023,10 sep 2023,18 jul 2023,$ 13.96,$ 391.00,$ 401.00,USD,Airbnb,Booked,28,26,HMXWXPQA9D,5b3be724-13b4-4256-b706-f463679b25ae,5b3be724-13b4-4256-b706-f463679b25ae,Hospitable,,1,NA,NA,,Medellín,Off
Casa VIP Medellín 4 - Private Room,17 jul 2023,21 jul 2023,17 jul 2023,$ 19.00,$ 76.00,$ 86.00,USD,Airbnb,Booked,4,0,HMFQX24AJ3,839e14b6-b389-4dba-b8e4-bf203f7687b6,839e14b6-b389-4dba-b8e4-bf203f7687b6,Hospitable,,1,NA,NA,,Medellín,Off
Casa VIP Medellín 6 - Private Room + Bathroom,19 jul 2023,21 jul 2023,15 jul 2023,$ 21.00,$ 42.00,$ 52.00,USD,Airbnb,Booked,2,4,HMQ8FJKE2S,04d23bd1-f965-4e4d-b06e-41d58980ff78,04d23bd1-f965-4e4d-b06e-41d58980ff78,Hospitable,,1,NA,NA,,Medellín,Off
Casa VIP Medellín 5 - Private Room + Bathroom,18 jul 2023,01 ago 2023,13 jul 2023,$ 18.95,$ 265.30,$ 275.30,USD,Airbnb,Booked,14,5,HMF2J4RXEE,adc37858-a5d4-4f6b-85fd-fbd1f55445d0,adc37858-a5d4-4f6b-85fd-fbd1f55445d0,Hospitable,,1,NA,NA,,Medellín,Off
Casa VIP Medellín 4 - Private Room,01 ago 2023,01 sep 2023,08 jul 2023,$ 15.06,$ 467.00,$ 477.00,USD,Airbnb,Booked,31,24,HMPKT4RQQM,839e14b6-b389-4dba-b8e4-bf203f7687b6,839e14b6-b389-4dba-b8e4-bf203f7687b6,Hospitable,,1,NA,NA,,Medellín,Off
Casa VIP Medellín 2 - Private Room,05 jul 2023,07 jul 2023,04 jul 2023,$ 20.50,$ 41.00,$ 41.00,USD,Airbnb,Booked,2,1,HMEPM5DFN3,5b3be724-13b4-4256-b706-f463679b25ae,5b3be724-13b4-4256-b706-f463679b25ae,Hospitable,,1,NA,NA,,Medellín,Off
Casa VIP Medellín 2 - Private Room,09 jul 2023,09 ago 2023,03 jul 2023,$ 14.77,$ 458.00,$ 468.00,USD,Airbnb,Booked,31,6,HMKHT9KQ84,5b3be724-13b4-4256-b706-f463679b25ae,5b3be724-13b4-4256-b706-f463679b25ae,Hospitable,,1,NA,NA,,Medellín,Off
Casa VIP Medellín 2 - Private Room,28 jun 2023,05 jul 2023,19 jun 2023,$ 60.43,$ 423.00,$ 433.00,USD,Airbnb,Booked,7,9,HMWWRPRT3X,5b3be724-13b4-4256-b706-f463679b25ae,5b3be724-13b4-4256-b706-f463679b25ae,Hospitable,,1,NA,NA,,Medellín,Off
Casa VIP Medellín 3 - Private Room,07 jul 2023,04 ago 2023,16 jun 2023,$ 15.61,$ 437.00,$ 437.00,USD,Airbnb,Booked,28,21,HM88M83RTE,561cb290-e338-4065-a524-dc4ad75d0d69,561cb290-e338-4065-a524-dc4ad75d0d69,Hospitable,,1,NA,NA,,Medellín,Off
Casa VIP Medellín 4 - Private Room,16 jun 2023,19 jun 2023,07 jun 2023,$ 27.67,$ 83.00,$ 93.00,USD,Airbnb,Booked,3,9,HMW4RREDFS,839e14b6-b389-4dba-b8e4-bf203f7687b6,839e14b6-b389-4dba-b8e4-bf203f7687b6,Hospitable,,1,NA,NA,,Medellín,Off
Casa VIP Medellín 2 - Private Room,19 may 2023,26 may 2023,19 may 2023,$ 13.71,$ 96.00,$ 106.00,USD,Airbnb,Booked,7,0,HMHW5ZXZQA,5b3be724-13b4-4256-b706-f463679b25ae,5b3be724-13b4-4256-b706-f463679b25ae,Hospitable,,1,NA,NA,,Medellín,Off
Casa VIP Medellín 4 - Private Room,19 jun 2023,17 jul 2023,18 may 2023,$ 14.70,$ 411.50,$ 421.50,USD,Airbnb,Booked,28,32,HM28JD83FT,839e14b6-b389-4dba-b8e4-bf203f7687b6,839e14b6-b389-4dba-b8e4-bf203f7687b6,Hospitable,,1,NA,NA,,Medellín,Off
Casa VIP Medellín 3 - Private Room,07 jun 2023,07 jul 2023,08 may 2023,$ 14.50,$ 435.00,$ 445.00,USD,Airbnb,Booked,30,30,HMYQ2FNQB2,561cb290-e338-4065-a524-dc4ad75d0d69,561cb290-e338-4065-a524-dc4ad75d0d69,Hospitable,,1,NA,NA,,Medellín,Off
Casa VIP Medellín 2 - Private Room,28 may 2023,28 jun 2023,05 may 2023,$ 13.44,$ 416.50,$ 426.50,USD,Airbnb,Booked,31,23,HMXXNBXCSY,5b3be724-13b4-4256-b706-f463679b25ae,5b3be724-13b4-4256-b706-f463679b25ae,Hospitable,,1,NA,NA,,Medellín,Off
Casa VIP Medellín 6 - Private Room + Bathroom,04 may 2023,19 may 2023,04 may 2023,$ 14.93,$ 224.00,$ 234.00,USD,Airbnb,Booked,15,0,HMB4CXPDJB,04d23bd1-f965-4e4d-b06e-41d58980ff78,04d23bd1-f965-4e4d-b06e-41d58980ff78,Hospitable,,1,NA,NA,,Medellín,Off
Casa VIP Medellín 3 - Private Room,07 may 2023,07 jun 2023,02 may 2023,$ 12.00,$ 372.00,$ 382.00,USD,Airbnb,Booked,31,5,HMSJM2B2Y8,561cb290-e338-4065-a524-dc4ad75d0d69,561cb290-e338-4065-a524-dc4ad75d0d69,Hospitable,,1,NA,NA,,Medellín,Off
Casa VIP Medellín 2 - Private Room,26 abr 2023,30 abr 2023,25 abr 2023,$ 20.50,$ 82.00,$ 92.00,USD,Airbnb,Booked,4,1,HMKCDXPDPQ,5b3be724-13b4-4256-b706-f463679b25ae,5b3be724-13b4-4256-b706-f463679b25ae,Hospitable,,1,NA,NA,,Medellín,Off
Casa VIP Medellín 5 - Private Room + Bathroom,01 may 2023,30 jun 2023,23 abr 2023,$ 13.72,$ 823.00,$ 833.00,USD,Airbnb,Booked,60,8,HM5E2KWXSW,adc37858-a5d4-4f6b-85fd-fbd1f55445d0,adc37858-a5d4-4f6b-85fd-fbd1f55445d0,Hospitable,,1,NA,NA,,Medellín,Off
Casa VIP Medellín 4 - Private Room,15 may 2023,15 jun 2023,22 abr 2023,$ 13.60,$ 421.50,$ 421.50,USD,Airbnb,Booked,31,23,HMQJRAJ45P,839e14b6-b389-4dba-b8e4-bf203f7687b6,839e14b6-b389-4dba-b8e4-bf203f7687b6,Hospitable,,1,NA,NA,,Medellín,Off
Casa VIP Medellín 6 - Private Room + Bathroom,21 may 2023,02 jul 2023,12 abr 2023,$ 15.07,$ 633.00,$ 633.00,USD,Airbnb,Booked,42,39,HMPKKJZCDX,04d23bd1-f965-4e4d-b06e-41d58980ff78,04d23bd1-f965-4e4d-b06e-41d58980ff78,Hospitable,,1,NA,NA,,Medellín,Off
Casa VIP Medellín 3 - Private Room,13 abr 2023,22 abr 2023,10 abr 2023,$ 17.28,$ 155.55,$ 155.55,USD,Airbnb,Booked,9,3,HMK2P3SJ4Y,561cb290-e338-4065-a524-dc4ad75d0d69,561cb290-e338-4065-a524-dc4ad75d0d69,Hospitable,,1,NA,NA,,Medellín,Off
Casa VIP Medellín 4 - Private Room,17 abr 2023,15 may 2023,10 abr 2023,$ 12.55,$ 351.50,$ 351.50,USD,Airbnb,Booked,28,7,HMYQM54ZZM,839e14b6-b389-4dba-b8e4-bf203f7687b6,839e14b6-b389-4dba-b8e4-bf203f7687b6,Hospitable,,1,NA,NA,,Medellín,Off
Casa VIP Medellín 3 - Private Room,06 abr 2023,10 abr 2023,03 abr 2023,$ 20.00,$ 80.00,$ 80.00,USD,Airbnb,Booked,4,3,HMWPQTD38E,561cb290-e338-4065-a524-dc4ad75d0d69,561cb290-e338-4065-a524-dc4ad75d0d69,Hospitable,,1,NA,NA,,Medellín,Off
Casa VIP Medellín 4 - Private Room,30 mar 2023,16 abr 2023,28 mar 2023,$ 14.82,$ 252.00,$ 252.00,USD,Airbnb,Booked,17,2,HM8YWBAC42,839e14b6-b389-4dba-b8e4-bf203f7687b6,839e14b6-b389-4dba-b8e4-bf203f7687b6,Hospitable,,1,NA,NA,,Medellín,Off
Casa VIP Medellín 3 - Private Room,25 abr 2023,03 may 2023,24 mar 2023,$ 16.15,$ 129.20,$ 129.20,USD,Airbnb,Booked,8,32,HM2C2SZZC4,561cb290-e338-4065-a524-dc4ad75d0d69,561cb290-e338-4065-a524-dc4ad75d0d69,Hospitable,,1,NA,NA,,Medellín,Off
Casa VIP Medellín 3 - Private Room,28 feb 2023,03 mar 2023,27 feb 2023,$ 20.00,$ 60.00,$ 60.00,USD,Airbnb,Booked,3,1,HMA4EE5RN3,561cb290-e338-4065-a524-dc4ad75d0d69,561cb290-e338-4065-a524-dc4ad75d0d69,Hospitable,,1,NA,NA,,Medellín,Off
Casa VIP Medellín 3 - Private Room,05 mar 2023,04 abr 2023,25 feb 2023,$ 12.82,$ 384.50,$ 384.50,USD,Airbnb,Booked,30,8,HMSCFPKMD4,561cb290-e338-4065-a524-dc4ad75d0d69,561cb290-e338-4065-a524-dc4ad75d0d69,Hospitable,,1,NA,NA,,Medellín,Off
Casa VIP Medellín 2 - Private Room,05 may 2023,19 may 2023,21 feb 2023,$ 20.15,$ 282.10,$ 282.10,USD,Airbnb,Booked,14,73,HMCBHDSWEK,5b3be724-13b4-4256-b706-f463679b25ae,5b3be724-13b4-4256-b706-f463679b25ae,Hospitable,,1,NA,NA,,Medellín,Off
Casa VIP Medellín 2 - Private Room,23 mar 2023,25 abr 2023,05 feb 2023,$ 14.12,$ 466.00,$ 466.00,USD,Airbnb,Booked,33,46,HMDH3DQWN2,5b3be724-13b4-4256-b706-f463679b25ae,5b3be724-13b4-4256-b706-f463679b25ae,Hospitable,,1,NA,NA,,Medellín,Off
Casa VIP Medellín 2 - Private Room,01 feb 2023,18 feb 2023,26 ene 2023,$ 20.12,$ 342.00,$ 342.00,USD,Airbnb,Booked,17,6,HM33TZFHK2,5b3be724-13b4-4256-b706-f463679b25ae,5b3be724-13b4-4256-b706-f463679b25ae,Hospitable,,1,NA,NA,,Medellín,Off
Casa VIP Medellín 3 - Private Room,24 ene 2023,27 ene 2023,24 ene 2023,$ 22.67,$ 68.00,$ 68.00,USD,Airbnb,Booked,3,0,HMC43EE8AC,561cb290-e338-4065-a524-dc4ad75d0d69,561cb290-e338-4065-a524-dc4ad75d0d69,Hospitable,,1,NA,NA,,Medellín,Off
Casa VIP Medellín 2 - Private Room,22 feb 2023,22 mar 2023,14 ene 2023,$ 14.36,$ 402.00,$ 402.00,USD,Airbnb,Booked,28,39,HMZ4JYXJSC,5b3be724-13b4-4256-b706-f463679b25ae,5b3be724-13b4-4256-b706-f463679b25ae,Hospitable,,1,NA,NA,,Medellín,Off
Casa VIP Medellín 2 - Private Room,27 dic 2022,30 dic 2022,27 dic 2022,$ 21.33,$ 64.00,$ 64.00,USD,Airbnb,Booked,3,0,HMPW48KQ3E,5b3be724-13b4-4256-b706-f463679b25ae,5b3be724-13b4-4256-b706-f463679b25ae,Hospitable,,1,NA,NA,,Medellín,Off
Casa VIP Medellín 2 - Private Room,15 dic 2022,16 dic 2022,15 dic 2022,$ 18.00,$ 18.00,$ 18.00,USD,Airbnb,Booked,1,0,HMNPY4R84X,5b3be724-13b4-4256-b706-f463679b25ae,5b3be724-13b4-4256-b706-f463679b25ae,Hospitable,,1,NA,NA,,Medellín,Off
Casa VIP Medellín 2 - Private Room,17 dic 2022,24 dic 2022,14 dic 2022,$ 22.34,$ 156.40,$ 156.40,USD,Airbnb,Booked,7,3,HM3BQQ35KF,5b3be724-13b4-4256-b706-f463679b25ae,5b3be724-13b4-4256-b706-f463679b25ae,Hospitable,,1,NA,NA,,Medellín,Off
Casa VIP Medellín 6 - Private Room + Bathroom,12 dic 2022,19 dic 2022,10 dic 2022,$ 22.14,$ 155.00,$ 155.00,USD,Airbnb,Booked,7,2,HMKQFWCC2S,04d23bd1-f965-4e4d-b06e-41d58980ff78,04d23bd1-f965-4e4d-b06e-41d58980ff78,Hospitable,,1,NA,NA,,Medellín,Off
Casa VIP Medellín 2 - Private Room,07 dic 2022,14 dic 2022,01 dic 2022,$ 21.98,$ 153.85,$ 153.85,USD,Airbnb,Booked,7,6,HM4SX3Y8BA,5b3be724-13b4-4256-b706-f463679b25ae,5b3be724-13b4-4256-b706-f463679b25ae,Hospitable,,1,NA,NA,,Medellín,Off
Casa VIP Medellín 2 - Private Room,01 ene 2023,29 ene 2023,30 nov 2022,$ 16.64,$ 466.00,$ 466.00,USD,Airbnb,Booked,28,32,HMZAJ33JKH,5b3be724-13b4-4256-b706-f463679b25ae,5b3be724-13b4-4256-b706-f463679b25ae,Hospitable,,1,NA,NA,,Medellín,Off
Casa VIP Medellín 6 - Private Room + Bathroom,07 dic 2022,10 dic 2022,28 nov 2022,$ 25.67,$ 77.00,$ 77.00,USD,Airbnb,Booked,3,9,HMA94FF2AZ,04d23bd1-f965-4e4d-b06e-41d58980ff78,04d23bd1-f965-4e4d-b06e-41d58980ff78,Hospitable,,1,NA,NA,,Medellín,Off
Casa VIP Medellín 2 - Private Room,01 dic 2022,04 dic 2022,28 nov 2022,$ 21.00,$ 63.00,$ 63.00,USD,Airbnb,Booked,3,3,HMDN8EW94Y,5b3be724-13b4-4256-b706-f463679b25ae,5b3be724-13b4-4256-b706-f463679b25ae,Hospitable,,1,NA,NA,,Medellín,Off
Casa VIP Medellín 3 - Private Room,25 nov 2022,23 dic 2022,22 nov 2022,$ 14.46,$ 405.00,$ 405.00,USD,Airbnb,Booked,28,3,HMTDRWWM2B,561cb290-e338-4065-a524-dc4ad75d0d69,561cb290-e338-4065-a524-dc4ad75d0d69,Hospitable,,1,NA,NA,,Medellín,Off
Casa VIP Medellín 6 - Private Room + Bathroom,25 nov 2022,30 nov 2022,18 nov 2022,$ 24.40,$ 122.00,$ 122.00,USD,Airbnb,Booked,5,7,HMPWTD3FWW,04d23bd1-f965-4e4d-b06e-41d58980ff78,04d23bd1-f965-4e4d-b06e-41d58980ff78,Hospitable,,1,NA,NA,,Medellín,Off
Casa VIP Medellín 3 - Private Room,09 nov 2022,16 nov 2022,06 nov 2022,$ 19.16,$ 134.10,$ 134.10,USD,Airbnb,Booked,7,3,HM4XMQ9BFS,561cb290-e338-4065-a524-dc4ad75d0d69,561cb290-e338-4065-a524-dc4ad75d0d69,Hospitable,,1,NA,NA,,Medellín,Off
Casa VIP Medellín 3 - Private Room,03 nov 2022,06 nov 2022,01 nov 2022,$ 20.00,$ 60.00,$ 60.00,USD,Airbnb,Booked,3,2,HMYNYQCPZA,561cb290-e338-4065-a524-dc4ad75d0d69,561cb290-e338-4065-a524-dc4ad75d0d69,Hospitable,,1,NA,NA,,Medellín,Off
Casa VIP Medellín 2 - Private Room,01 nov 2022,01 dic 2022,25 oct 2022,$ 16.24,$ 487.20,$ 487.20,USD,Airbnb,Booked,30,7,HMZCEJ8AJP,5b3be724-13b4-4256-b706-f463679b25ae,5b3be724-13b4-4256-b706-f463679b25ae,Hospitable,,1,NA,NA,,Medellín,Off
Casa VIP Medellín 2 - Private Room,25 oct 2022,28 oct 2022,25 oct 2022,$ 18.00,$ 54.00,$ 54.00,USD,Airbnb,Booked,3,0,HMXMJ5R4FH,5b3be724-13b4-4256-b706-f463679b25ae,5b3be724-13b4-4256-b706-f463679b25ae,Hospitable,,1,NA,NA,,Medellín,Off
Casa VIP Medellín 6 - Private Room + Bathroom,22 oct 2022,18 nov 2022,18 oct 2022,$ 13.81,$ 373.00,$ 373.00,USD,Airbnb,Booked,27,4,HMAJTBSTZX,04d23bd1-f965-4e4d-b06e-41d58980ff78,04d23bd1-f965-4e4d-b06e-41d58980ff78,Hospitable,,1,NA,NA,,Medellín,Off
Casa VIP Medellín 6 - Private Room + Bathroom,18 nov 2022,20 nov 2022,10 oct 2022,$ 42.00,$ 84.00,$ 84.00,USD,Airbnb,Booked,2,39,HMFSBNZDYF,04d23bd1-f965-4e4d-b06e-41d58980ff78,04d23bd1-f965-4e4d-b06e-41d58980ff78,Hospitable,,1,NA,NA,,Medellín,Off
Casa VIP Medellín 2 - Private Room,30 sep 2022,02 oct 2022,30 sep 2022,$ 23.00,$ 46.00,$ 46.00,USD,Airbnb,Booked,2,0,HMM2RAA53C,5b3be724-13b4-4256-b706-f463679b25ae,5b3be724-13b4-4256-b706-f463679b25ae,Hospitable,,1,NA,NA,,Medellín,Off
Casa VIP Medellín 2 - Private Room,05 oct 2022,21 oct 2022,21 sep 2022,$ 22.78,$ 364.50,$ 364.50,USD,Airbnb,Booked,16,14,HMNEPKZNB8,5b3be724-13b4-4256-b706-f463679b25ae,5b3be724-13b4-4256-b706-f463679b25ae,Hospitable,,1,NA,NA,,Medellín,Off
Casa VIP Medellín 3 - Private Room,25 sep 2022,01 nov 2022,20 sep 2022,$ 12.62,$ 467.00,$ 467.00,USD,Airbnb,Booked,37,5,HMJ2Y2NHR9,561cb290-e338-4065-a524-dc4ad75d0d69,561cb290-e338-4065-a524-dc4ad75d0d69,Hospitable,,1,NA,NA,,Medellín,Off